[{"category":"5","correct":"0","question":"夏の平均気温が高かったこと(___)雨が多かったことから、今年の農作物の収穫量は期待できる。","answer":"に加え※うえに※に比べ※どころか"},{"category":"5","correct":"2","question":"当プールのご利用に(___)、注意事項をお知らせします。","answer":"際しの※際する※際して※際すの"},{"category":"5","correct":"2","question":"育児に参加する男性が増えつつ(___)ということです。","answer":"あり※あって※ある※ありたい"},{"category":"5","correct":"3","question":"１時間で漢字を５０個覚えなさいと言われても、とても覚え(___)ません。","answer":"すぎ※おわり※しまい※きれ"},{"category":"5","correct":"3","question":"壊れてしまったものは、いまさら嘆いて(___)ところで、どうしようもない。","answer":"みる※おいた※おく※みた"},{"category":"5","correct":"3","question":"姉は出版社で若者を対象(___)雑誌の編集をしています。","answer":"となる※がなる※がする※とする"},{"category":"5","correct":"1","question":"明日のコンサート、8時からだっ(___)。","answer":"よ※け※し※わ"},{"category":"5","correct":"2","question":"図書館へ本を返しに行った(___)、となりにある郵便局で切手を買ってきた。","answer":"ばかりに※ために※ついでに※とおりに"},{"category":"5","correct":"1","question":"わが社では、年齢や性別(___)、能力のある人を求めています。","answer":"にかかわって※にかかわらず※にかかわり※にかかわらない"},{"category":"5","correct":"1","question":"佐藤さんに教えてもらった(___)、試験の成績があがった。","answer":"おかげさまで※おかげで※のおかげで※ためで"},{"category":"5","correct":"3","question":"さいふを落とした(___),二千円程度しか入っていなかった。","answer":"というのは※とすれば※ところを※といっても"},{"category":"5","correct":"2","question":"商社に就職が決まったので、海外に出張することも(___)うるだろう。","answer":"ある※あって※あり※あろう"},{"category":"5","correct":"0","question":"仕事に遅れるときは、必ず連絡す(___)だ。","answer":"べき※はず※まい※ばかり"},{"category":"5","correct":"3","question":"彼は料理が得意で、この間ごちそうになったカレーなどはプロのコックが作ったかの(___)。","answer":"みたいだった※らしかった※ばかりだった※ようだった"},{"category":"5","correct":"3","question":"安くておいしいレストランの知識(___)加藤さんよりくわしい人を私は知らない。","answer":"にとっては※につけては※によっては※にかけては"}]