[{"category":"5","correct":"2","question":"雷の音が近くなってきたので、停電の(___)。","answer":"おそれがいる※おそれがいない※おそれがある※おそれがない"},{"category":"5","correct":"3","question":"大学の入学試験を受ける(___)には、合格するように一生懸命勉強がんばります。","answer":"まで※より※の※から"},{"category":"5","correct":"3","question":"職場を(___)からといって、自分がやりたいことをやらせてもらえるとは限らない。","answer":"変え※変えよう※変えて※変えた"},{"category":"5","correct":"3","question":"壊れてしまったものは、いまさら嘆いて(___)ところで、どうしようもない。","answer":"みる※おいた※おく※みた"},{"category":"5","correct":"0","question":"事故の原因を(___)、意見が２つにわかれた。","answer":"めぐって※わたって※まわって※通じて"},{"category":"5","correct":"2","question":"やると決めた以上、最後まで(___)と思う。","answer":"やりがちだ※やりきれない※やりぬきたい※やりっこない"},{"category":"5","correct":"2","question":"あのレストランは、行く(___)、長い行列ができている。","answer":"からに※とおりに※たびに※ばかりに"},{"category":"5","correct":"3","question":"普段はほとんど笑わないプーチンさん(___)笑うほど、ブッシュさんの冗談はおかしかった。","answer":"だけ※ながら※だけが※でさえ"},{"category":"5","correct":"0","question":"アメリカ料理(___)いえば、ハンバーガーだ。","answer":"と※に※の※を"},{"category":"5","correct":"1","question":"田舎の祖母がつくってくれる料理の味は、私(___)濃すぎる。","answer":"になっては※にとっては※によっては※につけては"},{"category":"5","correct":"1","question":"禁煙しているので、タバコをすう(___)、ガムをかみます。","answer":"ところに※かわりに※とおりに※ばかりに"},{"category":"5","correct":"3","question":"アイスクリームを買いすぎて、今うちの冷蔵庫の中はアイスクリーム(___)である。","answer":"かぎり※どころ※なんか※だらけ"},{"category":"5","correct":"1","question":"宇宙旅行に行ける(___)、ぜひ行ってみたい。","answer":"もので※ものなら※ものと※ものでも"},{"category":"5","correct":"1","question":"最近、環境問題(___)関心が高くなっている。","answer":"に基づく※に対する※にしたがっての※にとっての"},{"category":"5","correct":"1","question":"佐藤さんに教えてもらった(___)、試験の成績があがった。","answer":"おかげさまで※おかげで※のおかげで※ためで"}]