[{"category":"5","correct":"1","question":"わが社では、年齢や性別(___)、能力のある人を求めています。","answer":"にかかわって※にかかわらず※にかかわり※にかかわらない"},{"category":"5","correct":"3","question":"社の規則(___)、子供を産むと1年間の育児休暇をとることができる。","answer":"元※下※中※上"},{"category":"5","correct":"3","question":"もし、休みが1年間もらえる(___)、日本へ留学したい。","answer":"としても※にしては※について※としたら"},{"category":"5","correct":"2","question":"図書館へ本を返しに行った(___)、となりにある郵便局で切手を買ってきた。","answer":"ばかりに※ために※ついでに※とおりに"},{"category":"5","correct":"3","question":"姉の結婚式の日がきまり、どことなく父は(___)である。","answer":"さびしみ※さびしい※さびしさ※さびしげ"},{"category":"5","correct":"3","question":"姉は出版社で若者を対象(___)雑誌の編集をしています。","answer":"となる※がなる※がする※とする"},{"category":"5","correct":"3","question":"先生と相談してから、その問題に(___)結論を出したいと思ってます。","answer":"とって※つけて※よって※ついて"},{"category":"5","correct":"0","question":"たとえ値段が(___)、身体に安全なものが食べたい。","answer":"高くても※高いと※高くて※高いなら"},{"category":"5","correct":"2","question":"この症状(___)いうと、風邪ではなくほかの病気だ。","answer":"でも※まで※から※には"},{"category":"5","correct":"1","question":"労働時間が減る(___)、いろいろな趣味を楽しむ人が増えてきた。","answer":"にしては※とともに※としても※につき"},{"category":"5","correct":"2","question":"円が高くなる(___)つれて、海外にいく人も増える。","answer":"も※と※に※を"},{"category":"5","correct":"3","question":"普段はほとんど笑わないプーチンさん(___)笑うほど、ブッシュさんの冗談はおかしかった。","answer":"だけ※ながら※だけが※でさえ"},{"category":"5","correct":"0","question":"運動もしないで食べてばかりいるので、体重は(___)一方だ。","answer":"ふえる※ふえた※ふえるの※ふえそう"},{"category":"5","correct":"0","question":"アルバイトをしている学生の数は、全校生徒の半分(___)５００人である。","answer":"にあたる※における※に対する※に関する"},{"category":"5","correct":"2","question":"いくらお酒が好きだからといって、毎晩(___)。","answer":"飲まなくてはならない※飲んでもかまわない※飲むのはよくない※飲むに違いない"}]