[{"category":"5","correct":"0","question":"たとえ値段が(___)、身体に安全なものが食べたい。","answer":"高くても※高いと※高くて※高いなら"},{"category":"5","correct":"2","question":"チョコを(___)とたん、歯が痛み出した。","answer":"食べよう※食べている※食べた※食べる"},{"category":"5","correct":"0","question":"事故の原因を(___)、意見が２つにわかれた。","answer":"めぐって※わたって※まわって※通じて"},{"category":"5","correct":"3","question":"吉田さんから聞いたんだけど、マイクさん来月、中国に(___)とか。","answer":"出張に※出張の※出張で※出張だ"},{"category":"5","correct":"2","question":"彼は掃除や洗濯が好きな(___)料理もつくれるので、奥さんはとても助かっているそうだ。","answer":"うえで※あげくに※うえに※ことに"},{"category":"5","correct":"2","question":"三日月のような形をしている(___)、この湖は三日月湖と呼ばれている。","answer":"ことだから※ものから※ことから※ものなので"},{"category":"5","correct":"2","question":"部屋でテレビを見ている(___)、寝てしまった。","answer":"うえに※あとに※うちに※ところに"},{"category":"5","correct":"2","question":"お酒を飲みすぎて、二日酔いになった朝は必ず、もう二度とお酒は(___)まいと思う。","answer":"飲み※飲もう※飲む※飲んで"},{"category":"5","correct":"2","question":"結婚式に出席すると返事を出した以上、簡単には(___)。","answer":"欠席しなければならない※欠席したり※欠席できない※欠席してしまった"},{"category":"5","correct":"0","question":"生まれてくる赤ちゃんのために、心(___)こめてセーターを編んでます。","answer":"を※の※へ※に"},{"category":"5","correct":"2","question":"あの子は小学生(___)、難しい漢字をよく知っている。","answer":"にしろ※にすれば※にしては※にするなら"},{"category":"5","correct":"2","question":"大ホール(___)、パーティーを開きます。","answer":"につけて※について※において※にたいして"},{"category":"5","correct":"1","question":"禁煙しているので、タバコをすう(___)、ガムをかみます。","answer":"ところに※かわりに※とおりに※ばかりに"},{"category":"5","correct":"3","question":"職場を(___)からといって、自分がやりたいことをやらせてもらえるとは限らない。","answer":"変え※変えよう※変えて※変えた"},{"category":"5","correct":"2","question":"あんなまじめな彼がうそ(___)つくはずがない。","answer":"なども※などか※なんて※なんで"}]