[{"category":"5","correct":"1","question":"わが社では、年齢や性別(___)、能力のある人を求めています。","answer":"にかかわって※にかかわらず※にかかわり※にかかわらない"},{"category":"5","correct":"2","question":"これは事実に(___)書いた報告書で、私の個人的な意見は含まれていない。","answer":"通じて※反して※基づいて※対して"},{"category":"5","correct":"3","question":"アイスクリームを買いすぎて、今うちの冷蔵庫の中はアイスクリーム(___)である。","answer":"かぎり※どころ※なんか※だらけ"},{"category":"5","correct":"2","question":"商社に就職が決まったので、海外に出張することも(___)うるだろう。","answer":"ある※あって※あり※あろう"},{"category":"5","correct":"1","question":"今シーズンのプロ野球はあのチームが優勝する(___)。","answer":"に限っている※にきまっている※に違っている※になっている"},{"category":"5","correct":"3","question":"吉田さんから聞いたんだけど、マイクさん来月、中国に(___)とか。","answer":"出張に※出張の※出張で※出張だ"},{"category":"5","correct":"3","question":"佐藤さんを中心(___)、研究を進めていく。","answer":"にきて※になって※にあって※にして"},{"category":"5","correct":"3","question":"壊れてしまったものは、いまさら嘆いて(___)ところで、どうしようもない。","answer":"みる※おいた※おく※みた"},{"category":"5","correct":"3","question":"姉の結婚式の日がきまり、どことなく父は(___)である。","answer":"さびしみ※さびしい※さびしさ※さびしげ"},{"category":"5","correct":"2","question":"仕事をしている態度から(___)、佐藤さんはまじめな人である。","answer":"来ると※あると※見ると※いると"},{"category":"5","correct":"2","question":"お酒を飲みすぎて、二日酔いになった朝は必ず、もう二度とお酒は(___)まいと思う。","answer":"飲み※飲もう※飲む※飲んで"},{"category":"5","correct":"0","question":"あの店のケーキはとてもきれいで、お菓子(___)芸術だ。","answer":"というより※といえば※というほど※といったら"},{"category":"5","correct":"2","question":"久しぶりの家族旅行だから、みんなの(___)沿ったところに行こう。","answer":"希望の※希望が※希望に※希望が"},{"category":"5","correct":"1","question":"仕事の大変さは自分で(___)こそはじめてわかる。","answer":"やり※やって※やる※やった"},{"category":"5","correct":"3","question":"社の規則(___)、子供を産むと1年間の育児休暇をとることができる。","answer":"元※下※中※上"}]