[{"category":"5","correct":"3","question":"この小説は、作者の体験をもとに(___)書かれたそうだ。","answer":"みて※あって※いて※して"},{"category":"5","correct":"1","question":"デビット君の話し方は(___)っぽい。","answer":"子供に※子供※子供と※子供だ"},{"category":"5","correct":"0","question":"夏の平均気温が高かったこと(___)雨が多かったことから、今年の農作物の収穫量は期待できる。","answer":"に加え※うえに※に比べ※どころか"},{"category":"5","correct":"2","question":"久しぶりの家族旅行だから、みんなの(___)沿ったところに行こう。","answer":"希望の※希望が※希望に※希望が"},{"category":"5","correct":"2","question":"その国の歴史(___)、加藤さんが詳しいです。","answer":"につけては※に際しては※に関しては※にとっては"},{"category":"5","correct":"0","question":"両親が漁業をしているわりには、彼は魚の名前を(___)。","answer":"知らない※知らないはずだ※知っている※知っているらしい"},{"category":"5","correct":"0","question":"この解説書は説明がわかりやすくて専門用語も少ないので、初めてＰＣを使う人(___)です。","answer":"向き※向く※向いて※向かず"},{"category":"5","correct":"3","question":"社の規則(___)、子供を産むと1年間の育児休暇をとることができる。","answer":"元※下※中※上"},{"category":"5","correct":"1","question":"仕事の大変さは自分で(___)こそはじめてわかる。","answer":"やり※やって※やる※やった"},{"category":"5","correct":"1","question":"最近、環境問題(___)関心が高くなっている。","answer":"に基づく※に対する※にしたがっての※にとっての"},{"category":"5","correct":"1","question":"佐藤さんとは去年のクリスマスパーティーで(___)きりだ。","answer":"会って※会った※会おう※会った"},{"category":"5","correct":"3","question":"部屋をかたずければかたずける(___)、いらないものが出てくる。","answer":"ものの※から※より※ほど"},{"category":"5","correct":"3","question":"大学の入学試験を受ける(___)には、合格するように一生懸命勉強がんばります。","answer":"まで※より※の※から"},{"category":"5","correct":"1","question":"宇宙旅行に行ける(___)、ぜひ行ってみたい。","answer":"もので※ものなら※ものと※ものでも"},{"category":"5","correct":"2","question":"彼は掃除や洗濯が好きな(___)料理もつくれるので、奥さんはとても助かっているそうだ。","answer":"うえで※あげくに※うえに※ことに"}]