[{"category":"5","correct":"3","question":"さいふを落とした(___),二千円程度しか入っていなかった。","answer":"というのは※とすれば※ところを※といっても"},{"category":"5","correct":"2","question":"迷惑も考えず、夜中に電話をかけてくるような人とは、(___)かねる。","answer":"つきあう※つきあった※つきあい※つきあおう"},{"category":"5","correct":"3","question":"あの歩き方から(___)、彼女はとても疲れているようだ。","answer":"いくと※あると※なると※すると"},{"category":"5","correct":"1","question":"佐藤さんとは去年のクリスマスパーティーで(___)きりだ。","answer":"会って※会った※会おう※会った"},{"category":"5","correct":"1","question":"佐藤さんに教えてもらった(___)、試験の成績があがった。","answer":"おかげさまで※おかげで※のおかげで※ためで"},{"category":"5","correct":"0","question":"先生のご指導(___)もとに、共同研究が進められた。","answer":"の※と※に※で"},{"category":"5","correct":"2","question":"円が高くなる(___)つれて、海外にいく人も増える。","answer":"も※と※に※を"},{"category":"5","correct":"3","question":"普段はほとんど笑わないプーチンさん(___)笑うほど、ブッシュさんの冗談はおかしかった。","answer":"だけ※ながら※だけが※でさえ"},{"category":"5","correct":"3","question":"もし、休みが1年間もらえる(___)、日本へ留学したい。","answer":"としても※にしては※について※としたら"},{"category":"5","correct":"2","question":"部屋でテレビを見ている(___)、寝てしまった。","answer":"うえに※あとに※うちに※ところに"},{"category":"5","correct":"0","question":"仕事に遅れるときは、必ず連絡す(___)だ。","answer":"べき※はず※まい※ばかり"},{"category":"5","correct":"2","question":"図書館へ本を返しに行った(___)、となりにある郵便局で切手を買ってきた。","answer":"ばかりに※ために※ついでに※とおりに"},{"category":"5","correct":"3","question":"彼女はケーキのみ(___)、パンも自分で作る。","answer":"なく※ないで※なし※ならず"},{"category":"5","correct":"1","question":"今日は休日とは(___)ものの、臨時会議があるので会社へ行かなければならない。","answer":"いって※いう※いおう※いい"},{"category":"5","correct":"2","question":"彼は掃除や洗濯が好きな(___)料理もつくれるので、奥さんはとても助かっているそうだ。","answer":"うえで※あげくに※うえに※ことに"}]