[{"category":"5","correct":"3","question":"さいふを落とした(___),二千円程度しか入っていなかった。","answer":"というのは※とすれば※ところを※といっても"},{"category":"5","correct":"3","question":"先生と相談してから、その問題に(___)結論を出したいと思ってます。","answer":"とって※つけて※よって※ついて"},{"category":"5","correct":"1","question":"禁煙しているので、タバコをすう(___)、ガムをかみます。","answer":"ところに※かわりに※とおりに※ばかりに"},{"category":"5","correct":"2","question":"この症状(___)いうと、風邪ではなくほかの病気だ。","answer":"でも※まで※から※には"},{"category":"5","correct":"0","question":"ゆうべお酒を飲みすぎた(___)、今朝はあたまが痛い。","answer":"せいか※以上※ためで※最中"},{"category":"5","correct":"2","question":"環境汚染の解決は、国民一人一人の協力ぬきには(___)。","answer":"考えない※考えよう※考えられない※考えられる"},{"category":"5","correct":"2","question":"何も(___)くらい、おなかがすいた。","answer":"考えていない※考えない※考えられない※考えない"},{"category":"5","correct":"3","question":"１時間で漢字を５０個覚えなさいと言われても、とても覚え(___)ません。","answer":"すぎ※おわり※しまい※きれ"},{"category":"5","correct":"1","question":"わが社では、年齢や性別(___)、能力のある人を求めています。","answer":"にかかわって※にかかわらず※にかかわり※にかかわらない"},{"category":"5","correct":"3","question":"あなたの要求が通るかどうかは、言い方(___)決まるだろう。","answer":"次第を※次第と※次第に※次第で"},{"category":"5","correct":"2","question":"大ホール(___)、パーティーを開きます。","answer":"につけて※について※において※にたいして"},{"category":"5","correct":"2","question":"子供のころからずっと行きたいと思っていた日本に留学することが決まって、うれしさの(___)泣いてしまった。","answer":"ためで※あげく※あまり※おかげで"},{"category":"5","correct":"1","question":"今日は休日とは(___)ものの、臨時会議があるので会社へ行かなければならない。","answer":"いって※いう※いおう※いい"},{"category":"5","correct":"1","question":"今シーズンのプロ野球はあのチームが優勝する(___)。","answer":"に限っている※にきまっている※に違っている※になっている"},{"category":"5","correct":"0","question":"佐藤さんが子供を育てる(___)、大学に通い法律の勉強をしている。","answer":"一方で※までか※ことか※次第で"}]