[{"category":"5","correct":"0","question":"佐藤さんが子供を育てる(___)、大学に通い法律の勉強をしている。","answer":"一方で※までか※ことか※次第で"},{"category":"5","correct":"2","question":"その国の歴史(___)、加藤さんが詳しいです。","answer":"につけては※に際しては※に関しては※にとっては"},{"category":"5","correct":"1","question":"佐藤さんに教えてもらった(___)、試験の成績があがった。","answer":"おかげさまで※おかげで※のおかげで※ためで"},{"category":"5","correct":"1","question":"仕事の大変さは自分で(___)こそはじめてわかる。","answer":"やり※やって※やる※やった"},{"category":"5","correct":"3","question":"先生と相談してから、その問題に(___)結論を出したいと思ってます。","answer":"とって※つけて※よって※ついて"},{"category":"5","correct":"2","question":"環境汚染の解決は、国民一人一人の協力ぬきには(___)。","answer":"考えない※考えよう※考えられない※考えられる"},{"category":"5","correct":"2","question":"これは事実に(___)書いた報告書で、私の個人的な意見は含まれていない。","answer":"通じて※反して※基づいて※対して"},{"category":"5","correct":"0","question":"アルバイトをしている学生の数は、全校生徒の半分(___)５００人である。","answer":"にあたる※における※に対する※に関する"},{"category":"5","correct":"2","question":"大ホール(___)、パーティーを開きます。","answer":"につけて※について※において※にたいして"},{"category":"5","correct":"0","question":"生まれてくる赤ちゃんのために、心(___)こめてセーターを編んでます。","answer":"を※の※へ※に"},{"category":"5","correct":"0","question":"仕事に遅れるときは、必ず連絡す(___)だ。","answer":"べき※はず※まい※ばかり"},{"category":"5","correct":"3","question":"先生のご指導(___)、論文を完成させることができました。","answer":"といって※について※となって※によって"},{"category":"5","correct":"2","question":"育児に参加する男性が増えつつ(___)ということです。","answer":"あり※あって※ある※ありたい"},{"category":"5","correct":"3","question":"アイスクリームを買いすぎて、今うちの冷蔵庫の中はアイスクリーム(___)である。","answer":"かぎり※どころ※なんか※だらけ"},{"category":"5","correct":"3","question":"彼は料理が得意で、この間ごちそうになったカレーなどはプロのコックが作ったかの(___)。","answer":"みたいだった※らしかった※ばかりだった※ようだった"}]