[{"category":"5","correct":"2","question":"円が高くなる(___)つれて、海外にいく人も増える。","answer":"も※と※に※を"},{"category":"5","correct":"2","question":"ストレス解消するには、運動する(___)限ります。","answer":"を※が※に※へ"},{"category":"5","correct":"0","question":"運動もしないで食べてばかりいるので、体重は(___)一方だ。","answer":"ふえる※ふえた※ふえるの※ふえそう"},{"category":"5","correct":"3","question":"あなたの要求が通るかどうかは、言い方(___)決まるだろう。","answer":"次第を※次第と※次第に※次第で"},{"category":"5","correct":"1","question":"風邪が(___)かけていたのに、無理をしたらまた悪くなってしまった。","answer":"治る※治り※治って※治れ"},{"category":"5","correct":"2","question":"自分で釣った魚を浜で焼いて食べたあの味は忘れ(___)。","answer":"ずらい※がたい※きれない※やすい"},{"category":"5","correct":"1","question":"労働時間が減る(___)、いろいろな趣味を楽しむ人が増えてきた。","answer":"にしては※とともに※としても※につき"},{"category":"5","correct":"1","question":"わが社では、年齢や性別(___)、能力のある人を求めています。","answer":"にかかわって※にかかわらず※にかかわり※にかかわらない"},{"category":"5","correct":"1","question":"今シーズンのプロ野球はあのチームが優勝する(___)。","answer":"に限っている※にきまっている※に違っている※になっている"},{"category":"5","correct":"0","question":"先生のご指導(___)もとに、共同研究が進められた。","answer":"の※と※に※で"},{"category":"5","correct":"2","question":"加藤さん(___)くれば、この手紙をすぐドイツ語に訳してもらえるでしょう。","answer":"でも※すら※さえ※かぎり"},{"category":"5","correct":"3","question":"この小説は、作者の体験をもとに(___)書かれたそうだ。","answer":"みて※あって※いて※して"},{"category":"5","correct":"0","question":"少し風邪気味なので今夜は(___)寝よう。","answer":"早く※遅く※軽く※短く"},{"category":"5","correct":"2","question":"何も(___)くらい、おなかがすいた。","answer":"考えていない※考えない※考えられない※考えない"},{"category":"5","correct":"1","question":"佐藤さんとは去年のクリスマスパーティーで(___)きりだ。","answer":"会って※会った※会おう※会った"}]