[{"category":"5","correct":"2","question":"ホームの階段で転げ落ちて、痛い(___)はずかしいやら、ひどい目にあった。","answer":"や※と※やら※し"},{"category":"5","correct":"1","question":"わが社では、年齢や性別(___)、能力のある人を求めています。","answer":"にかかわって※にかかわらず※にかかわり※にかかわらない"},{"category":"5","correct":"3","question":"マイケルさんはこのところ会社を(___)がちだ。","answer":"休みに※休むの※休む※休み"},{"category":"5","correct":"2","question":"酒はともかく、タバコの量は少し(___)。","answer":"減らさないはずだ※減らさないべきだ※減らすべきだ※減らすはずだ"},{"category":"5","correct":"2","question":"いくらお酒が好きだからといって、毎晩(___)。","answer":"飲まなくてはならない※飲んでもかまわない※飲むのはよくない※飲むに違いない"},{"category":"5","correct":"3","question":"もし、休みが1年間もらえる(___)、日本へ留学したい。","answer":"としても※にしては※について※としたら"},{"category":"5","correct":"0","question":"生まれてくる赤ちゃんのために、心(___)こめてセーターを編んでます。","answer":"を※の※へ※に"},{"category":"5","correct":"1","question":"今シーズンのプロ野球はあのチームが優勝する(___)。","answer":"に限っている※にきまっている※に違っている※になっている"},{"category":"5","correct":"2","question":"あのレストランは、行く(___)、長い行列ができている。","answer":"からに※とおりに※たびに※ばかりに"},{"category":"5","correct":"3","question":"普段はほとんど笑わないプーチンさん(___)笑うほど、ブッシュさんの冗談はおかしかった。","answer":"だけ※ながら※だけが※でさえ"},{"category":"5","correct":"0","question":"先生のご指導(___)もとに、共同研究が進められた。","answer":"の※と※に※で"},{"category":"5","correct":"1","question":"佐藤さんは動物好きで、うさぎも(___)、りすもいてにぎやかである。","answer":"いても※いれば※いると※いるもの"},{"category":"5","correct":"3","question":"自分のしたことに責任を持てないようでは成人した大人(___)はずかしい。","answer":"について※からいって※をめぐって※として"},{"category":"5","correct":"0","question":"たとえ値段が(___)、身体に安全なものが食べたい。","answer":"高くても※高いと※高くて※高いなら"},{"category":"5","correct":"1","question":"仕事の大変さは自分で(___)こそはじめてわかる。","answer":"やり※やって※やる※やった"}]