[{"category":"5","correct":"2","question":"やると決めた以上、最後まで(___)と思う。","answer":"やりがちだ※やりきれない※やりぬきたい※やりっこない"},{"category":"5","correct":"0","question":"運動もしないで食べてばかりいるので、体重は(___)一方だ。","answer":"ふえる※ふえた※ふえるの※ふえそう"},{"category":"5","correct":"0","question":"お父様(___)、皆様によろしくお伝え下さい。","answer":"をはじめ※をはじめと※をはじめて※をはじめる"},{"category":"5","correct":"3","question":"自分のしたことに責任を持てないようでは成人した大人(___)はずかしい。","answer":"について※からいって※をめぐって※として"},{"category":"5","correct":"3","question":"先生のご指導(___)、論文を完成させることができました。","answer":"といって※について※となって※によって"},{"category":"5","correct":"3","question":"アイスクリームを買いすぎて、今うちの冷蔵庫の中はアイスクリーム(___)である。","answer":"かぎり※どころ※なんか※だらけ"},{"category":"5","correct":"2","question":"自分で釣った魚を浜で焼いて食べたあの味は忘れ(___)。","answer":"ずらい※がたい※きれない※やすい"},{"category":"5","correct":"0","question":"あの店のケーキはとてもきれいで、お菓子(___)芸術だ。","answer":"というより※といえば※というほど※といったら"},{"category":"5","correct":"2","question":"育児に参加する男性が増えつつ(___)ということです。","answer":"あり※あって※ある※ありたい"},{"category":"5","correct":"1","question":"今日は休日とは(___)ものの、臨時会議があるので会社へ行かなければならない。","answer":"いって※いう※いおう※いい"},{"category":"5","correct":"0","question":"仕事に遅れるときは、必ず連絡す(___)だ。","answer":"べき※はず※まい※ばかり"},{"category":"5","correct":"2","question":"いくらお酒が好きだからといって、毎晩(___)。","answer":"飲まなくてはならない※飲んでもかまわない※飲むのはよくない※飲むに違いない"},{"category":"5","correct":"1","question":"このスーパーは駅前のスーパー(___)、安くて品物も新鮮だ。","answer":"の比べ※に比べ※も比べ※て比べ"},{"category":"5","correct":"0","question":"事故の原因を(___)、意見が２つにわかれた。","answer":"めぐって※わたって※まわって※通じて"},{"category":"5","correct":"0","question":"少し風邪気味なので今夜は(___)寝よう。","answer":"早く※遅く※軽く※短く"}]