[{"category":"5","correct":"2","question":"いくらお酒が好きだからといって、毎晩(___)。","answer":"飲まなくてはならない※飲んでもかまわない※飲むのはよくない※飲むに違いない"},{"category":"5","correct":"0","question":"この解説書は説明がわかりやすくて専門用語も少ないので、初めてＰＣを使う人(___)です。","answer":"向き※向く※向いて※向かず"},{"category":"5","correct":"2","question":"図書館へ本を返しに行った(___)、となりにある郵便局で切手を買ってきた。","answer":"ばかりに※ために※ついでに※とおりに"},{"category":"5","correct":"2","question":"結婚式に出席すると返事を出した以上、簡単には(___)。","answer":"欠席しなければならない※欠席したり※欠席できない※欠席してしまった"},{"category":"5","correct":"0","question":"佐藤さんが子供を育てる(___)、大学に通い法律の勉強をしている。","answer":"一方で※までか※ことか※次第で"},{"category":"5","correct":"3","question":"この小説は、作者の体験をもとに(___)書かれたそうだ。","answer":"みて※あって※いて※して"},{"category":"5","correct":"1","question":"この書類はもう一度きれいに書き直した(___)、お渡しします。","answer":"なかで※うえで※からで※もとで"},{"category":"5","correct":"2","question":"迷惑も考えず、夜中に電話をかけてくるような人とは、(___)かねる。","answer":"つきあう※つきあった※つきあい※つきあおう"},{"category":"5","correct":"2","question":"あんなまじめな彼がうそ(___)つくはずがない。","answer":"なども※などか※なんて※なんで"},{"category":"5","correct":"1","question":"最近、環境問題(___)関心が高くなっている。","answer":"に基づく※に対する※にしたがっての※にとっての"},{"category":"5","correct":"1","question":"仕事の大変さは自分で(___)こそはじめてわかる。","answer":"やり※やって※やる※やった"},{"category":"5","correct":"2","question":"子供のころからずっと行きたいと思っていた日本に留学することが決まって、うれしさの(___)泣いてしまった。","answer":"ためで※あげく※あまり※おかげで"},{"category":"5","correct":"2","question":"何も(___)くらい、おなかがすいた。","answer":"考えていない※考えない※考えられない※考えない"},{"category":"5","correct":"3","question":"吉田さんから聞いたんだけど、マイクさん来月、中国に(___)とか。","answer":"出張に※出張の※出張で※出張だ"},{"category":"5","correct":"0","question":"仕事に遅れるときは、必ず連絡す(___)だ。","answer":"べき※はず※まい※ばかり"}]