[{"category":"5","correct":"2","question":"加藤さん(___)くれば、この手紙をすぐドイツ語に訳してもらえるでしょう。","answer":"でも※すら※さえ※かぎり"},{"category":"5","correct":"0","question":"運動もしないで食べてばかりいるので、体重は(___)一方だ。","answer":"ふえる※ふえた※ふえるの※ふえそう"},{"category":"5","correct":"0","question":"あの店のケーキはとてもきれいで、お菓子(___)芸術だ。","answer":"というより※といえば※というほど※といったら"},{"category":"5","correct":"1","question":"今シーズンのプロ野球はあのチームが優勝する(___)。","answer":"に限っている※にきまっている※に違っている※になっている"},{"category":"5","correct":"2","question":"子供のころからずっと行きたいと思っていた日本に留学することが決まって、うれしさの(___)泣いてしまった。","answer":"ためで※あげく※あまり※おかげで"},{"category":"5","correct":"2","question":"やると決めた以上、最後まで(___)と思う。","answer":"やりがちだ※やりきれない※やりぬきたい※やりっこない"},{"category":"5","correct":"2","question":"図書館へ本を返しに行った(___)、となりにある郵便局で切手を買ってきた。","answer":"ばかりに※ために※ついでに※とおりに"},{"category":"5","correct":"3","question":"あなたの要求が通るかどうかは、言い方(___)決まるだろう。","answer":"次第を※次第と※次第に※次第で"},{"category":"5","correct":"1","question":"宇宙旅行に行ける(___)、ぜひ行ってみたい。","answer":"もので※ものなら※ものと※ものでも"},{"category":"5","correct":"2","question":"商社に就職が決まったので、海外に出張することも(___)うるだろう。","answer":"ある※あって※あり※あろう"},{"category":"5","correct":"1","question":"手術に(___)多少の痛みはがまんしてください。","answer":"つく※伴う※つれる※沿う"},{"category":"5","correct":"3","question":"社の規則(___)、子供を産むと1年間の育児休暇をとることができる。","answer":"元※下※中※上"},{"category":"5","correct":"2","question":"酒はともかく、タバコの量は少し(___)。","answer":"減らさないはずだ※減らさないべきだ※減らすべきだ※減らすはずだ"},{"category":"5","correct":"2","question":"この問題を解くのに、どれだけ苦労したこと(___)・・・。","answer":"さ※ね※か※わ"},{"category":"5","correct":"2","question":"何も(___)くらい、おなかがすいた。","answer":"考えていない※考えない※考えられない※考えない"}]