[{"category":"5","correct":"1","question":"手術に(___)多少の痛みはがまんしてください。","answer":"つく※伴う※つれる※沿う"},{"category":"5","correct":"2","question":"この問題を解くのに、どれだけ苦労したこと(___)・・・。","answer":"さ※ね※か※わ"},{"category":"5","correct":"0","question":"この解説書は説明がわかりやすくて専門用語も少ないので、初めてＰＣを使う人(___)です。","answer":"向き※向く※向いて※向かず"},{"category":"5","correct":"1","question":"今シーズンのプロ野球はあのチームが優勝する(___)。","answer":"に限っている※にきまっている※に違っている※になっている"},{"category":"5","correct":"1","question":"佐藤さんに教えてもらった(___)、試験の成績があがった。","answer":"おかげさまで※おかげで※のおかげで※ためで"},{"category":"5","correct":"1","question":"仕事の話はぬき(___)して、楽しくやりましょう。","answer":"て※に※の※を"},{"category":"5","correct":"0","question":"仕事に遅れるときは、必ず連絡す(___)だ。","answer":"べき※はず※まい※ばかり"},{"category":"5","correct":"3","question":"もし、休みが1年間もらえる(___)、日本へ留学したい。","answer":"としても※にしては※について※としたら"},{"category":"5","correct":"3","question":"この小説は、作者の体験をもとに(___)書かれたそうだ。","answer":"みて※あって※いて※して"},{"category":"5","correct":"0","question":"少し風邪気味なので今夜は(___)寝よう。","answer":"早く※遅く※軽く※短く"},{"category":"5","correct":"2","question":"酒はともかく、タバコの量は少し(___)。","answer":"減らさないはずだ※減らさないべきだ※減らすべきだ※減らすはずだ"},{"category":"5","correct":"1","question":"風邪が(___)かけていたのに、無理をしたらまた悪くなってしまった。","answer":"治る※治り※治って※治れ"},{"category":"5","correct":"2","question":"これは事実に(___)書いた報告書で、私の個人的な意見は含まれていない。","answer":"通じて※反して※基づいて※対して"},{"category":"5","correct":"2","question":"円が高くなる(___)つれて、海外にいく人も増える。","answer":"も※と※に※を"},{"category":"5","correct":"2","question":"彼は掃除や洗濯が好きな(___)料理もつくれるので、奥さんはとても助かっているそうだ。","answer":"うえで※あげくに※うえに※ことに"}]