[{"category":"5","correct":"0","question":"先生のご指導(___)もとに、共同研究が進められた。","answer":"の※と※に※で"},{"category":"5","correct":"3","question":"部屋をかたずければかたずける(___)、いらないものが出てくる。","answer":"ものの※から※より※ほど"},{"category":"5","correct":"3","question":"佐藤さんを中心(___)、研究を進めていく。","answer":"にきて※になって※にあって※にして"},{"category":"5","correct":"3","question":"社の規則(___)、子供を産むと1年間の育児休暇をとることができる。","answer":"元※下※中※上"},{"category":"5","correct":"2","question":"三日月のような形をしている(___)、この湖は三日月湖と呼ばれている。","answer":"ことだから※ものから※ことから※ものなので"},{"category":"5","correct":"0","question":"アメリカ料理(___)いえば、ハンバーガーだ。","answer":"と※に※の※を"},{"category":"5","correct":"1","question":"佐藤さんに教えてもらった(___)、試験の成績があがった。","answer":"おかげさまで※おかげで※のおかげで※ためで"},{"category":"5","correct":"0","question":"夏の平均気温が高かったこと(___)雨が多かったことから、今年の農作物の収穫量は期待できる。","answer":"に加え※うえに※に比べ※どころか"},{"category":"5","correct":"3","question":"姉は出版社で若者を対象(___)雑誌の編集をしています。","answer":"となる※がなる※がする※とする"},{"category":"5","correct":"1","question":"仕事の大変さは自分で(___)こそはじめてわかる。","answer":"やり※やって※やる※やった"},{"category":"5","correct":"1","question":"最近、環境問題(___)関心が高くなっている。","answer":"に基づく※に対する※にしたがっての※にとっての"},{"category":"5","correct":"2","question":"結婚式に出席すると返事を出した以上、簡単には(___)。","answer":"欠席しなければならない※欠席したり※欠席できない※欠席してしまった"},{"category":"5","correct":"1","question":"佐藤さんとは去年のクリスマスパーティーで(___)きりだ。","answer":"会って※会った※会おう※会った"},{"category":"5","correct":"2","question":"迷惑も考えず、夜中に電話をかけてくるような人とは、(___)かねる。","answer":"つきあう※つきあった※つきあい※つきあおう"},{"category":"5","correct":"3","question":"マイケルさんはこのところ会社を(___)がちだ。","answer":"休みに※休むの※休む※休み"}]