[{"category":"5","correct":"3","question":"壊れてしまったものは、いまさら嘆いて(___)ところで、どうしようもない。","answer":"みる※おいた※おく※みた"},{"category":"5","correct":"3","question":"主人と相談してから(___)、お返事できません。","answer":"であると※であって※でなくて※でないと"},{"category":"5","correct":"2","question":"これは事実に(___)書いた報告書で、私の個人的な意見は含まれていない。","answer":"通じて※反して※基づいて※対して"},{"category":"5","correct":"1","question":"手術に(___)多少の痛みはがまんしてください。","answer":"つく※伴う※つれる※沿う"},{"category":"5","correct":"1","question":"今日は休日とは(___)ものの、臨時会議があるので会社へ行かなければならない。","answer":"いって※いう※いおう※いい"},{"category":"5","correct":"3","question":"先生と相談してから、その問題に(___)結論を出したいと思ってます。","answer":"とって※つけて※よって※ついて"},{"category":"5","correct":"1","question":"同じクラスの人(___)、そんなにていねいな話し方をしていると、なかなか仲良くなれないよ。","answer":"にとって※に対して※にあたって※に際して"},{"category":"5","correct":"3","question":"部屋をかたずければかたずける(___)、いらないものが出てくる。","answer":"ものの※から※より※ほど"},{"category":"5","correct":"1","question":"デビット君の話し方は(___)っぽい。","answer":"子供に※子供※子供と※子供だ"},{"category":"5","correct":"3","question":"安くておいしいレストランの知識(___)加藤さんよりくわしい人を私は知らない。","answer":"にとっては※につけては※によっては※にかけては"},{"category":"5","correct":"1","question":"明日のコンサート、8時からだっ(___)。","answer":"よ※け※し※わ"},{"category":"5","correct":"2","question":"その国の歴史(___)、加藤さんが詳しいです。","answer":"につけては※に際しては※に関しては※にとっては"},{"category":"5","correct":"2","question":"やると決めた以上、最後まで(___)と思う。","answer":"やりがちだ※やりきれない※やりぬきたい※やりっこない"},{"category":"5","correct":"0","question":"先生のご指導(___)もとに、共同研究が進められた。","answer":"の※と※に※で"},{"category":"5","correct":"3","question":"彼は料理が得意で、この間ごちそうになったカレーなどはプロのコックが作ったかの(___)。","answer":"みたいだった※らしかった※ばかりだった※ようだった"}]