[{"category":"5","correct":"2","question":"育児に参加する男性が増えつつ(___)ということです。","answer":"あり※あって※ある※ありたい"},{"category":"5","correct":"2","question":"結婚式に出席すると返事を出した以上、簡単には(___)。","answer":"欠席しなければならない※欠席したり※欠席できない※欠席してしまった"},{"category":"5","correct":"2","question":"三日月のような形をしている(___)、この湖は三日月湖と呼ばれている。","answer":"ことだから※ものから※ことから※ものなので"},{"category":"5","correct":"2","question":"雷の音が近くなってきたので、停電の(___)。","answer":"おそれがいる※おそれがいない※おそれがある※おそれがない"},{"category":"5","correct":"1","question":"手術に(___)多少の痛みはがまんしてください。","answer":"つく※伴う※つれる※沿う"},{"category":"5","correct":"2","question":"あの子は小学生(___)、難しい漢字をよく知っている。","answer":"にしろ※にすれば※にしては※にするなら"},{"category":"5","correct":"0","question":"この解説書は説明がわかりやすくて専門用語も少ないので、初めてＰＣを使う人(___)です。","answer":"向き※向く※向いて※向かず"},{"category":"5","correct":"2","question":"大勢で旅行に行くとにぎやかで楽しい反面、何をするにもなかなか決まらず、めんどうくさい(___)。","answer":"ところもない※ところもいる※ところもある※ところもいない"},{"category":"5","correct":"0","question":"先生のご指導(___)もとに、共同研究が進められた。","answer":"の※と※に※で"},{"category":"5","correct":"1","question":"仕事の大変さは自分で(___)こそはじめてわかる。","answer":"やり※やって※やる※やった"},{"category":"5","correct":"1","question":"この書類はもう一度きれいに書き直した(___)、お渡しします。","answer":"なかで※うえで※からで※もとで"},{"category":"5","correct":"2","question":"あんなまじめな彼がうそ(___)つくはずがない。","answer":"なども※などか※なんて※なんで"},{"category":"5","correct":"1","question":"デビット君の話し方は(___)っぽい。","answer":"子供に※子供※子供と※子供だ"},{"category":"5","correct":"1","question":"佐藤さんとは去年のクリスマスパーティーで(___)きりだ。","answer":"会って※会った※会おう※会った"},{"category":"5","correct":"0","question":"少し風邪気味なので今夜は(___)寝よう。","answer":"早く※遅く※軽く※短く"}]