[{"category":"5","correct":"2","question":"最近の彼の活躍には、注目すべき（___)があります。","answer":"ほど※わけ※もの※こと"},{"category":"5","correct":"3","question":"主人と相談してから(___)、お返事できません。","answer":"であると※であって※でなくて※でないと"},{"category":"5","correct":"0","question":"佐藤さんが子供を育てる(___)、大学に通い法律の勉強をしている。","answer":"一方で※までか※ことか※次第で"},{"category":"5","correct":"0","question":"アルバイトをしている学生の数は、全校生徒の半分(___)５００人である。","answer":"にあたる※における※に対する※に関する"},{"category":"5","correct":"1","question":"わが社では、年齢や性別(___)、能力のある人を求めています。","answer":"にかかわって※にかかわらず※にかかわり※にかかわらない"},{"category":"5","correct":"2","question":"当プールのご利用に(___)、注意事項をお知らせします。","answer":"際しの※際する※際して※際すの"},{"category":"5","correct":"3","question":"この小説は、作者の体験をもとに(___)書かれたそうだ。","answer":"みて※あって※いて※して"},{"category":"5","correct":"2","question":"この問題を解くのに、どれだけ苦労したこと(___)・・・。","answer":"さ※ね※か※わ"},{"category":"5","correct":"1","question":"禁煙しているので、タバコをすう(___)、ガムをかみます。","answer":"ところに※かわりに※とおりに※ばかりに"},{"category":"5","correct":"2","question":"酒はともかく、タバコの量は少し(___)。","answer":"減らさないはずだ※減らさないべきだ※減らすべきだ※減らすはずだ"},{"category":"5","correct":"2","question":"やると決めた以上、最後まで(___)と思う。","answer":"やりがちだ※やりきれない※やりぬきたい※やりっこない"},{"category":"5","correct":"1","question":"このスーパーは駅前のスーパー(___)、安くて品物も新鮮だ。","answer":"の比べ※に比べ※も比べ※て比べ"},{"category":"5","correct":"1","question":"この書類はもう一度きれいに書き直した(___)、お渡しします。","answer":"なかで※うえで※からで※もとで"},{"category":"5","correct":"0","question":"生まれてくる赤ちゃんのために、心(___)こめてセーターを編んでます。","answer":"を※の※へ※に"},{"category":"5","correct":"0","question":"両親が漁業をしているわりには、彼は魚の名前を(___)。","answer":"知らない※知らないはずだ※知っている※知っているらしい"}]