[{"category":"5","correct":"3","question":"彼は料理が得意で、この間ごちそうになったカレーなどはプロのコックが作ったかの(___)。","answer":"みたいだった※らしかった※ばかりだった※ようだった"},{"category":"5","correct":"1","question":"宇宙旅行に行ける(___)、ぜひ行ってみたい。","answer":"もので※ものなら※ものと※ものでも"},{"category":"5","correct":"1","question":"同じクラスの人(___)、そんなにていねいな話し方をしていると、なかなか仲良くなれないよ。","answer":"にとって※に対して※にあたって※に際して"},{"category":"5","correct":"0","question":"先生のご指導(___)もとに、共同研究が進められた。","answer":"の※と※に※で"},{"category":"5","correct":"3","question":"主人と相談してから(___)、お返事できません。","answer":"であると※であって※でなくて※でないと"},{"category":"5","correct":"2","question":"いくらお酒が好きだからといって、毎晩(___)。","answer":"飲まなくてはならない※飲んでもかまわない※飲むのはよくない※飲むに違いない"},{"category":"5","correct":"1","question":"この書類はもう一度きれいに書き直した(___)、お渡しします。","answer":"なかで※うえで※からで※もとで"},{"category":"5","correct":"0","question":"お父様(___)、皆様によろしくお伝え下さい。","answer":"をはじめ※をはじめと※をはじめて※をはじめる"},{"category":"5","correct":"1","question":"夜は早く寝る彼のこと(___)、今の時間ならばもう寝ているだろう。","answer":"には※だから※だとしても※から"},{"category":"5","correct":"1","question":"このスーパーは駅前のスーパー(___)、安くて品物も新鮮だ。","answer":"の比べ※に比べ※も比べ※て比べ"},{"category":"5","correct":"0","question":"佐藤さんが子供を育てる(___)、大学に通い法律の勉強をしている。","answer":"一方で※までか※ことか※次第で"},{"category":"5","correct":"2","question":"部屋でテレビを見ている(___)、寝てしまった。","answer":"うえに※あとに※うちに※ところに"},{"category":"5","correct":"1","question":"禁煙しているので、タバコをすう(___)、ガムをかみます。","answer":"ところに※かわりに※とおりに※ばかりに"},{"category":"5","correct":"2","question":"久しぶりの家族旅行だから、みんなの(___)沿ったところに行こう。","answer":"希望の※希望が※希望に※希望が"},{"category":"5","correct":"2","question":"図書館へ本を返しに行った(___)、となりにある郵便局で切手を買ってきた。","answer":"ばかりに※ために※ついでに※とおりに"}]