[{"category":"5","correct":"2","question":"酒はともかく、タバコの量は少し(___)。","answer":"減らさないはずだ※減らさないべきだ※減らすべきだ※減らすはずだ"},{"category":"5","correct":"2","question":"あの子は小学生(___)、難しい漢字をよく知っている。","answer":"にしろ※にすれば※にしては※にするなら"},{"category":"5","correct":"2","question":"チョコを(___)とたん、歯が痛み出した。","answer":"食べよう※食べている※食べた※食べる"},{"category":"5","correct":"2","question":"環境汚染の解決は、国民一人一人の協力ぬきには(___)。","answer":"考えない※考えよう※考えられない※考えられる"},{"category":"5","correct":"0","question":"この解説書は説明がわかりやすくて専門用語も少ないので、初めてＰＣを使う人(___)です。","answer":"向き※向く※向いて※向かず"},{"category":"5","correct":"3","question":"吉田さんから聞いたんだけど、マイクさん来月、中国に(___)とか。","answer":"出張に※出張の※出張で※出張だ"},{"category":"5","correct":"2","question":"円が高くなる(___)つれて、海外にいく人も増える。","answer":"も※と※に※を"},{"category":"5","correct":"2","question":"お酒を飲みすぎて、二日酔いになった朝は必ず、もう二度とお酒は(___)まいと思う。","answer":"飲み※飲もう※飲む※飲んで"},{"category":"5","correct":"2","question":"大勢で旅行に行くとにぎやかで楽しい反面、何をするにもなかなか決まらず、めんどうくさい(___)。","answer":"ところもない※ところもいる※ところもある※ところもいない"},{"category":"5","correct":"3","question":"先生と相談してから、その問題に(___)結論を出したいと思ってます。","answer":"とって※つけて※よって※ついて"},{"category":"5","correct":"2","question":"自分で釣った魚を浜で焼いて食べたあの味は忘れ(___)。","answer":"ずらい※がたい※きれない※やすい"},{"category":"5","correct":"1","question":"手術に(___)多少の痛みはがまんしてください。","answer":"つく※伴う※つれる※沿う"},{"category":"5","correct":"1","question":"田舎の祖母がつくってくれる料理の味は、私(___)濃すぎる。","answer":"になっては※にとっては※によっては※につけては"},{"category":"5","correct":"0","question":"少し風邪気味なので今夜は(___)寝よう。","answer":"早く※遅く※軽く※短く"},{"category":"5","correct":"0","question":"両親が漁業をしているわりには、彼は魚の名前を(___)。","answer":"知らない※知らないはずだ※知っている※知っているらしい"}]