[{"category":"5","correct":"0","question":"アルバイトをしている学生の数は、全校生徒の半分(___)５００人である。","answer":"にあたる※における※に対する※に関する"},{"category":"5","correct":"2","question":"雷の音が近くなってきたので、停電の(___)。","answer":"おそれがいる※おそれがいない※おそれがある※おそれがない"},{"category":"5","correct":"3","question":"普段はほとんど笑わないプーチンさん(___)笑うほど、ブッシュさんの冗談はおかしかった。","answer":"だけ※ながら※だけが※でさえ"},{"category":"5","correct":"3","question":"あなたの要求が通るかどうかは、言い方(___)決まるだろう。","answer":"次第を※次第と※次第に※次第で"},{"category":"5","correct":"1","question":"手術に(___)多少の痛みはがまんしてください。","answer":"つく※伴う※つれる※沿う"},{"category":"5","correct":"2","question":"ストレス解消するには、運動する(___)限ります。","answer":"を※が※に※へ"},{"category":"5","correct":"2","question":"何も(___)くらい、おなかがすいた。","answer":"考えていない※考えない※考えられない※考えない"},{"category":"5","correct":"0","question":"少し風邪気味なので今夜は(___)寝よう。","answer":"早く※遅く※軽く※短く"},{"category":"5","correct":"3","question":"先生と相談してから、その問題に(___)結論を出したいと思ってます。","answer":"とって※つけて※よって※ついて"},{"category":"5","correct":"3","question":"職場を(___)からといって、自分がやりたいことをやらせてもらえるとは限らない。","answer":"変え※変えよう※変えて※変えた"},{"category":"5","correct":"2","question":"迷惑も考えず、夜中に電話をかけてくるような人とは、(___)かねる。","answer":"つきあう※つきあった※つきあい※つきあおう"},{"category":"5","correct":"3","question":"自分のしたことに責任を持てないようでは成人した大人(___)はずかしい。","answer":"について※からいって※をめぐって※として"},{"category":"5","correct":"0","question":"アメリカ料理(___)いえば、ハンバーガーだ。","answer":"と※に※の※を"},{"category":"5","correct":"2","question":"チョコを(___)とたん、歯が痛み出した。","answer":"食べよう※食べている※食べた※食べる"},{"category":"5","correct":"0","question":"佐藤さんが子供を育てる(___)、大学に通い法律の勉強をしている。","answer":"一方で※までか※ことか※次第で"}]