[{"category":"5","correct":"3","question":"彼は料理が得意で、この間ごちそうになったカレーなどはプロのコックが作ったかの(___)。","answer":"みたいだった※らしかった※ばかりだった※ようだった"},{"category":"5","correct":"1","question":"労働時間が減る(___)、いろいろな趣味を楽しむ人が増えてきた。","answer":"にしては※とともに※としても※につき"},{"category":"5","correct":"2","question":"子供のころからずっと行きたいと思っていた日本に留学することが決まって、うれしさの(___)泣いてしまった。","answer":"ためで※あげく※あまり※おかげで"},{"category":"5","correct":"1","question":"今日は休日とは(___)ものの、臨時会議があるので会社へ行かなければならない。","answer":"いって※いう※いおう※いい"},{"category":"5","correct":"0","question":"運動もしないで食べてばかりいるので、体重は(___)一方だ。","answer":"ふえる※ふえた※ふえるの※ふえそう"},{"category":"5","correct":"2","question":"これは事実に(___)書いた報告書で、私の個人的な意見は含まれていない。","answer":"通じて※反して※基づいて※対して"},{"category":"5","correct":"2","question":"結婚式に出席すると返事を出した以上、簡単には(___)。","answer":"欠席しなければならない※欠席したり※欠席できない※欠席してしまった"},{"category":"5","correct":"1","question":"禁煙しているので、タバコをすう(___)、ガムをかみます。","answer":"ところに※かわりに※とおりに※ばかりに"},{"category":"5","correct":"2","question":"部屋でテレビを見ている(___)、寝てしまった。","answer":"うえに※あとに※うちに※ところに"},{"category":"5","correct":"2","question":"この症状(___)いうと、風邪ではなくほかの病気だ。","answer":"でも※まで※から※には"},{"category":"5","correct":"2","question":"お酒を飲みすぎて、二日酔いになった朝は必ず、もう二度とお酒は(___)まいと思う。","answer":"飲み※飲もう※飲む※飲んで"},{"category":"5","correct":"3","question":"姉は出版社で若者を対象(___)雑誌の編集をしています。","answer":"となる※がなる※がする※とする"},{"category":"5","correct":"2","question":"酒はともかく、タバコの量は少し(___)。","answer":"減らさないはずだ※減らさないべきだ※減らすべきだ※減らすはずだ"},{"category":"5","correct":"3","question":"もし、休みが1年間もらえる(___)、日本へ留学したい。","answer":"としても※にしては※について※としたら"},{"category":"5","correct":"1","question":"明日のコンサート、8時からだっ(___)。","answer":"よ※け※し※わ"}]