[{"category":"5","correct":"3","question":"佐藤さんを中心(___)、研究を進めていく。","answer":"にきて※になって※にあって※にして"},{"category":"5","correct":"2","question":"いくらお酒が好きだからといって、毎晩(___)。","answer":"飲まなくてはならない※飲んでもかまわない※飲むのはよくない※飲むに違いない"},{"category":"5","correct":"2","question":"大ホール(___)、パーティーを開きます。","answer":"につけて※について※において※にたいして"},{"category":"5","correct":"3","question":"吉田さんから聞いたんだけど、マイクさん来月、中国に(___)とか。","answer":"出張に※出張の※出張で※出張だ"},{"category":"5","correct":"3","question":"アイスクリームを買いすぎて、今うちの冷蔵庫の中はアイスクリーム(___)である。","answer":"かぎり※どころ※なんか※だらけ"},{"category":"5","correct":"0","question":"アメリカ料理(___)いえば、ハンバーガーだ。","answer":"と※に※の※を"},{"category":"5","correct":"1","question":"風邪が(___)かけていたのに、無理をしたらまた悪くなってしまった。","answer":"治る※治り※治って※治れ"},{"category":"5","correct":"1","question":"この書類はもう一度きれいに書き直した(___)、お渡しします。","answer":"なかで※うえで※からで※もとで"},{"category":"5","correct":"2","question":"商社に就職が決まったので、海外に出張することも(___)うるだろう。","answer":"ある※あって※あり※あろう"},{"category":"5","correct":"2","question":"この症状(___)いうと、風邪ではなくほかの病気だ。","answer":"でも※まで※から※には"},{"category":"5","correct":"3","question":"職場を(___)からといって、自分がやりたいことをやらせてもらえるとは限らない。","answer":"変え※変えよう※変えて※変えた"},{"category":"5","correct":"0","question":"たとえ値段が(___)、身体に安全なものが食べたい。","answer":"高くても※高いと※高くて※高いなら"},{"category":"5","correct":"2","question":"あんなまじめな彼がうそ(___)つくはずがない。","answer":"なども※などか※なんて※なんで"},{"category":"5","correct":"3","question":"さいふを落とした(___),二千円程度しか入っていなかった。","answer":"というのは※とすれば※ところを※といっても"},{"category":"5","correct":"3","question":"部屋をかたずければかたずける(___)、いらないものが出てくる。","answer":"ものの※から※より※ほど"}]