[{"category":"5","correct":"3","question":"社の規則(___)、子供を産むと1年間の育児休暇をとることができる。","answer":"元※下※中※上"},{"category":"5","correct":"1","question":"労働時間が減る(___)、いろいろな趣味を楽しむ人が増えてきた。","answer":"にしては※とともに※としても※につき"},{"category":"5","correct":"2","question":"久しぶりの家族旅行だから、みんなの(___)沿ったところに行こう。","answer":"希望の※希望が※希望に※希望が"},{"category":"5","correct":"2","question":"あんなまじめな彼がうそ(___)つくはずがない。","answer":"なども※などか※なんて※なんで"},{"category":"5","correct":"1","question":"仕事の話はぬき(___)して、楽しくやりましょう。","answer":"て※に※の※を"},{"category":"5","correct":"2","question":"ホームの階段で転げ落ちて、痛い(___)はずかしいやら、ひどい目にあった。","answer":"や※と※やら※し"},{"category":"5","correct":"2","question":"雷の音が近くなってきたので、停電の(___)。","answer":"おそれがいる※おそれがいない※おそれがある※おそれがない"},{"category":"5","correct":"2","question":"最近の彼の活躍には、注目すべき（___)があります。","answer":"ほど※わけ※もの※こと"},{"category":"5","correct":"2","question":"ストレス解消するには、運動する(___)限ります。","answer":"を※が※に※へ"},{"category":"5","correct":"1","question":"佐藤さんは動物好きで、うさぎも(___)、りすもいてにぎやかである。","answer":"いても※いれば※いると※いるもの"},{"category":"5","correct":"2","question":"この問題を解くのに、どれだけ苦労したこと(___)・・・。","answer":"さ※ね※か※わ"},{"category":"5","correct":"0","question":"あの店のケーキはとてもきれいで、お菓子(___)芸術だ。","answer":"というより※といえば※というほど※といったら"},{"category":"5","correct":"0","question":"事故の原因を(___)、意見が２つにわかれた。","answer":"めぐって※わたって※まわって※通じて"},{"category":"5","correct":"3","question":"自分のしたことに責任を持てないようでは成人した大人(___)はずかしい。","answer":"について※からいって※をめぐって※として"},{"category":"5","correct":"1","question":"今日は休日とは(___)ものの、臨時会議があるので会社へ行かなければならない。","answer":"いって※いう※いおう※いい"}]