[{"category":"5","correct":"2","question":"これは事実に(___)書いた報告書で、私の個人的な意見は含まれていない。","answer":"通じて※反して※基づいて※対して"},{"category":"5","correct":"3","question":"社の規則(___)、子供を産むと1年間の育児休暇をとることができる。","answer":"元※下※中※上"},{"category":"5","correct":"0","question":"事故の原因を(___)、意見が２つにわかれた。","answer":"めぐって※わたって※まわって※通じて"},{"category":"5","correct":"1","question":"手術に(___)多少の痛みはがまんしてください。","answer":"つく※伴う※つれる※沿う"},{"category":"5","correct":"3","question":"安くておいしいレストランの知識(___)加藤さんよりくわしい人を私は知らない。","answer":"にとっては※につけては※によっては※にかけては"},{"category":"5","correct":"3","question":"もし、休みが1年間もらえる(___)、日本へ留学したい。","answer":"としても※にしては※について※としたら"},{"category":"5","correct":"2","question":"加藤さん(___)くれば、この手紙をすぐドイツ語に訳してもらえるでしょう。","answer":"でも※すら※さえ※かぎり"},{"category":"5","correct":"2","question":"雷の音が近くなってきたので、停電の(___)。","answer":"おそれがいる※おそれがいない※おそれがある※おそれがない"},{"category":"5","correct":"2","question":"ストレス解消するには、運動する(___)限ります。","answer":"を※が※に※へ"},{"category":"5","correct":"0","question":"仕事に遅れるときは、必ず連絡す(___)だ。","answer":"べき※はず※まい※ばかり"},{"category":"5","correct":"0","question":"運動もしないで食べてばかりいるので、体重は(___)一方だ。","answer":"ふえる※ふえた※ふえるの※ふえそう"},{"category":"5","correct":"1","question":"風邪が(___)かけていたのに、無理をしたらまた悪くなってしまった。","answer":"治る※治り※治って※治れ"},{"category":"5","correct":"3","question":"日本では毎年6月から7月(___)、雨が多く降ります。","answer":"にあたって※にくらべて※にそって※にかけて"},{"category":"5","correct":"0","question":"たとえ値段が(___)、身体に安全なものが食べたい。","answer":"高くても※高いと※高くて※高いなら"},{"category":"5","correct":"2","question":"迷惑も考えず、夜中に電話をかけてくるような人とは、(___)かねる。","answer":"つきあう※つきあった※つきあい※つきあおう"}]