[{"category":"5","correct":"2","question":"環境汚染の解決は、国民一人一人の協力ぬきには(___)。","answer":"考えない※考えよう※考えられない※考えられる"},{"category":"5","correct":"2","question":"私はどうも彼女が好きになれない。まず、あの話し方から(___)気に入らない。","answer":"したら※すれば※して※すると"},{"category":"5","correct":"1","question":"明日のコンサート、8時からだっ(___)。","answer":"よ※け※し※わ"},{"category":"5","correct":"3","question":"１時間で漢字を５０個覚えなさいと言われても、とても覚え(___)ません。","answer":"すぎ※おわり※しまい※きれ"},{"category":"5","correct":"0","question":"佐藤さんが子供を育てる(___)、大学に通い法律の勉強をしている。","answer":"一方で※までか※ことか※次第で"},{"category":"5","correct":"2","question":"商社に就職が決まったので、海外に出張することも(___)うるだろう。","answer":"ある※あって※あり※あろう"},{"category":"5","correct":"2","question":"仕事をしている態度から(___)、佐藤さんはまじめな人である。","answer":"来ると※あると※見ると※いると"},{"category":"5","correct":"2","question":"この問題を解くのに、どれだけ苦労したこと(___)・・・。","answer":"さ※ね※か※わ"},{"category":"5","correct":"3","question":"安くておいしいレストランの知識(___)加藤さんよりくわしい人を私は知らない。","answer":"にとっては※につけては※によっては※にかけては"},{"category":"5","correct":"3","question":"あなたの要求が通るかどうかは、言い方(___)決まるだろう。","answer":"次第を※次第と※次第に※次第で"},{"category":"5","correct":"2","question":"大勢で旅行に行くとにぎやかで楽しい反面、何をするにもなかなか決まらず、めんどうくさい(___)。","answer":"ところもない※ところもいる※ところもある※ところもいない"},{"category":"5","correct":"3","question":"社の規則(___)、子供を産むと1年間の育児休暇をとることができる。","answer":"元※下※中※上"},{"category":"5","correct":"2","question":"円が高くなる(___)つれて、海外にいく人も増える。","answer":"も※と※に※を"},{"category":"5","correct":"3","question":"姉の結婚式の日がきまり、どことなく父は(___)である。","answer":"さびしみ※さびしい※さびしさ※さびしげ"},{"category":"5","correct":"2","question":"この症状(___)いうと、風邪ではなくほかの病気だ。","answer":"でも※まで※から※には"}]