[{"category":"5","correct":"1","question":"仕事の大変さは自分で(___)こそはじめてわかる。","answer":"やり※やって※やる※やった"},{"category":"5","correct":"2","question":"子供のころからずっと行きたいと思っていた日本に留学することが決まって、うれしさの(___)泣いてしまった。","answer":"ためで※あげく※あまり※おかげで"},{"category":"5","correct":"0","question":"先生のご指導(___)もとに、共同研究が進められた。","answer":"の※と※に※で"},{"category":"5","correct":"2","question":"大ホール(___)、パーティーを開きます。","answer":"につけて※について※において※にたいして"},{"category":"5","correct":"2","question":"私はどうも彼女が好きになれない。まず、あの話し方から(___)気に入らない。","answer":"したら※すれば※して※すると"},{"category":"5","correct":"3","question":"部屋をかたずければかたずける(___)、いらないものが出てくる。","answer":"ものの※から※より※ほど"},{"category":"5","correct":"1","question":"佐藤さんとは去年のクリスマスパーティーで(___)きりだ。","answer":"会って※会った※会おう※会った"},{"category":"5","correct":"2","question":"部屋でテレビを見ている(___)、寝てしまった。","answer":"うえに※あとに※うちに※ところに"},{"category":"5","correct":"2","question":"この問題を解くのに、どれだけ苦労したこと(___)・・・。","answer":"さ※ね※か※わ"},{"category":"5","correct":"2","question":"ホームの階段で転げ落ちて、痛い(___)はずかしいやら、ひどい目にあった。","answer":"や※と※やら※し"},{"category":"5","correct":"1","question":"労働時間が減る(___)、いろいろな趣味を楽しむ人が増えてきた。","answer":"にしては※とともに※としても※につき"},{"category":"5","correct":"3","question":"姉は出版社で若者を対象(___)雑誌の編集をしています。","answer":"となる※がなる※がする※とする"},{"category":"5","correct":"2","question":"大勢で旅行に行くとにぎやかで楽しい反面、何をするにもなかなか決まらず、めんどうくさい(___)。","answer":"ところもない※ところもいる※ところもある※ところもいない"},{"category":"5","correct":"3","question":"１時間で漢字を５０個覚えなさいと言われても、とても覚え(___)ません。","answer":"すぎ※おわり※しまい※きれ"},{"category":"5","correct":"3","question":"マイケルさんはこのところ会社を(___)がちだ。","answer":"休みに※休むの※休む※休み"}]