[{"category":"5","correct":"3","question":"先生と相談してから、その問題に(___)結論を出したいと思ってます。","answer":"とって※つけて※よって※ついて"},{"category":"5","correct":"3","question":"彼女はケーキのみ(___)、パンも自分で作る。","answer":"なく※ないで※なし※ならず"},{"category":"5","correct":"0","question":"ゆうべお酒を飲みすぎた(___)、今朝はあたまが痛い。","answer":"せいか※以上※ためで※最中"},{"category":"5","correct":"1","question":"このスーパーは駅前のスーパー(___)、安くて品物も新鮮だ。","answer":"の比べ※に比べ※も比べ※て比べ"},{"category":"5","correct":"2","question":"ホームの階段で転げ落ちて、痛い(___)はずかしいやら、ひどい目にあった。","answer":"や※と※やら※し"},{"category":"5","correct":"3","question":"社の規則(___)、子供を産むと1年間の育児休暇をとることができる。","answer":"元※下※中※上"},{"category":"5","correct":"0","question":"アメリカ料理(___)いえば、ハンバーガーだ。","answer":"と※に※の※を"},{"category":"5","correct":"2","question":"何も(___)くらい、おなかがすいた。","answer":"考えていない※考えない※考えられない※考えない"},{"category":"5","correct":"3","question":"部屋をかたずければかたずける(___)、いらないものが出てくる。","answer":"ものの※から※より※ほど"},{"category":"5","correct":"2","question":"仕事をしている態度から(___)、佐藤さんはまじめな人である。","answer":"来ると※あると※見ると※いると"},{"category":"5","correct":"2","question":"ストレス解消するには、運動する(___)限ります。","answer":"を※が※に※へ"},{"category":"5","correct":"3","question":"佐藤さんを中心(___)、研究を進めていく。","answer":"にきて※になって※にあって※にして"},{"category":"5","correct":"1","question":"最近、環境問題(___)関心が高くなっている。","answer":"に基づく※に対する※にしたがっての※にとっての"},{"category":"5","correct":"1","question":"デビット君の話し方は(___)っぽい。","answer":"子供に※子供※子供と※子供だ"},{"category":"5","correct":"3","question":"日本では毎年6月から7月(___)、雨が多く降ります。","answer":"にあたって※にくらべて※にそって※にかけて"}]