[{"category":"5","correct":"0","question":"生まれてくる赤ちゃんのために、心(___)こめてセーターを編んでます。","answer":"を※の※へ※に"},{"category":"5","correct":"2","question":"チョコを(___)とたん、歯が痛み出した。","answer":"食べよう※食べている※食べた※食べる"},{"category":"5","correct":"0","question":"先生のご指導(___)もとに、共同研究が進められた。","answer":"の※と※に※で"},{"category":"5","correct":"1","question":"最近、環境問題(___)関心が高くなっている。","answer":"に基づく※に対する※にしたがっての※にとっての"},{"category":"5","correct":"3","question":"日本では毎年6月から7月(___)、雨が多く降ります。","answer":"にあたって※にくらべて※にそって※にかけて"},{"category":"5","correct":"0","question":"たとえ値段が(___)、身体に安全なものが食べたい。","answer":"高くても※高いと※高くて※高いなら"},{"category":"5","correct":"3","question":"あの歩き方から(___)、彼女はとても疲れているようだ。","answer":"いくと※あると※なると※すると"},{"category":"5","correct":"3","question":"壊れてしまったものは、いまさら嘆いて(___)ところで、どうしようもない。","answer":"みる※おいた※おく※みた"},{"category":"5","correct":"2","question":"お酒を飲みすぎて、二日酔いになった朝は必ず、もう二度とお酒は(___)まいと思う。","answer":"飲み※飲もう※飲む※飲んで"},{"category":"5","correct":"2","question":"部屋でテレビを見ている(___)、寝てしまった。","answer":"うえに※あとに※うちに※ところに"},{"category":"5","correct":"2","question":"彼は掃除や洗濯が好きな(___)料理もつくれるので、奥さんはとても助かっているそうだ。","answer":"うえで※あげくに※うえに※ことに"},{"category":"5","correct":"3","question":"普段はほとんど笑わないプーチンさん(___)笑うほど、ブッシュさんの冗談はおかしかった。","answer":"だけ※ながら※だけが※でさえ"},{"category":"5","correct":"2","question":"酒はともかく、タバコの量は少し(___)。","answer":"減らさないはずだ※減らさないべきだ※減らすべきだ※減らすはずだ"},{"category":"5","correct":"1","question":"田舎の祖母がつくってくれる料理の味は、私(___)濃すぎる。","answer":"になっては※にとっては※によっては※につけては"},{"category":"5","correct":"2","question":"仕事をしている態度から(___)、佐藤さんはまじめな人である。","answer":"来ると※あると※見ると※いると"}]