[{"category":"5","correct":"2","question":"円が高くなる(___)つれて、海外にいく人も増える。","answer":"も※と※に※を"},{"category":"5","correct":"3","question":"壊れてしまったものは、いまさら嘆いて(___)ところで、どうしようもない。","answer":"みる※おいた※おく※みた"},{"category":"5","correct":"2","question":"加藤さん(___)くれば、この手紙をすぐドイツ語に訳してもらえるでしょう。","answer":"でも※すら※さえ※かぎり"},{"category":"5","correct":"3","question":"マイケルさんはこのところ会社を(___)がちだ。","answer":"休みに※休むの※休む※休み"},{"category":"5","correct":"0","question":"事故の原因を(___)、意見が２つにわかれた。","answer":"めぐって※わたって※まわって※通じて"},{"category":"5","correct":"2","question":"ストレス解消するには、運動する(___)限ります。","answer":"を※が※に※へ"},{"category":"5","correct":"0","question":"アメリカ料理(___)いえば、ハンバーガーだ。","answer":"と※に※の※を"},{"category":"5","correct":"3","question":"あの歩き方から(___)、彼女はとても疲れているようだ。","answer":"いくと※あると※なると※すると"},{"category":"5","correct":"1","question":"夜は早く寝る彼のこと(___)、今の時間ならばもう寝ているだろう。","answer":"には※だから※だとしても※から"},{"category":"5","correct":"2","question":"ホームの階段で転げ落ちて、痛い(___)はずかしいやら、ひどい目にあった。","answer":"や※と※やら※し"},{"category":"5","correct":"2","question":"酒はともかく、タバコの量は少し(___)。","answer":"減らさないはずだ※減らさないべきだ※減らすべきだ※減らすはずだ"},{"category":"5","correct":"0","question":"先生のご指導(___)もとに、共同研究が進められた。","answer":"の※と※に※で"},{"category":"5","correct":"1","question":"宇宙旅行に行ける(___)、ぜひ行ってみたい。","answer":"もので※ものなら※ものと※ものでも"},{"category":"5","correct":"2","question":"大ホール(___)、パーティーを開きます。","answer":"につけて※について※において※にたいして"},{"category":"5","correct":"2","question":"商社に就職が決まったので、海外に出張することも(___)うるだろう。","answer":"ある※あって※あり※あろう"}]