[{"category":"5","correct":"1","question":"同じクラスの人(___)、そんなにていねいな話し方をしていると、なかなか仲良くなれないよ。","answer":"にとって※に対して※にあたって※に際して"},{"category":"5","correct":"0","question":"運動もしないで食べてばかりいるので、体重は(___)一方だ。","answer":"ふえる※ふえた※ふえるの※ふえそう"},{"category":"5","correct":"0","question":"お父様(___)、皆様によろしくお伝え下さい。","answer":"をはじめ※をはじめと※をはじめて※をはじめる"},{"category":"5","correct":"1","question":"風邪が(___)かけていたのに、無理をしたらまた悪くなってしまった。","answer":"治る※治り※治って※治れ"},{"category":"5","correct":"1","question":"このスーパーは駅前のスーパー(___)、安くて品物も新鮮だ。","answer":"の比べ※に比べ※も比べ※て比べ"},{"category":"5","correct":"2","question":"あの子は小学生(___)、難しい漢字をよく知っている。","answer":"にしろ※にすれば※にしては※にするなら"},{"category":"5","correct":"2","question":"お酒を飲みすぎて、二日酔いになった朝は必ず、もう二度とお酒は(___)まいと思う。","answer":"飲み※飲もう※飲む※飲んで"},{"category":"5","correct":"3","question":"大学の入学試験を受ける(___)には、合格するように一生懸命勉強がんばります。","answer":"まで※より※の※から"},{"category":"5","correct":"0","question":"事故の原因を(___)、意見が２つにわかれた。","answer":"めぐって※わたって※まわって※通じて"},{"category":"5","correct":"3","question":"姉は出版社で若者を対象(___)雑誌の編集をしています。","answer":"となる※がなる※がする※とする"},{"category":"5","correct":"2","question":"加藤さん(___)くれば、この手紙をすぐドイツ語に訳してもらえるでしょう。","answer":"でも※すら※さえ※かぎり"},{"category":"5","correct":"0","question":"ゆうべお酒を飲みすぎた(___)、今朝はあたまが痛い。","answer":"せいか※以上※ためで※最中"},{"category":"5","correct":"0","question":"たとえ値段が(___)、身体に安全なものが食べたい。","answer":"高くても※高いと※高くて※高いなら"},{"category":"5","correct":"2","question":"これは事実に(___)書いた報告書で、私の個人的な意見は含まれていない。","answer":"通じて※反して※基づいて※対して"},{"category":"5","correct":"1","question":"デビット君の話し方は(___)っぽい。","answer":"子供に※子供※子供と※子供だ"}]