[{"category":"5","correct":"2","question":"育児に参加する男性が増えつつ(___)ということです。","answer":"あり※あって※ある※ありたい"},{"category":"5","correct":"2","question":"お酒を飲みすぎて、二日酔いになった朝は必ず、もう二度とお酒は(___)まいと思う。","answer":"飲み※飲もう※飲む※飲んで"},{"category":"5","correct":"2","question":"商社に就職が決まったので、海外に出張することも(___)うるだろう。","answer":"ある※あって※あり※あろう"},{"category":"5","correct":"3","question":"１時間で漢字を５０個覚えなさいと言われても、とても覚え(___)ません。","answer":"すぎ※おわり※しまい※きれ"},{"category":"5","correct":"1","question":"佐藤さんは動物好きで、うさぎも(___)、りすもいてにぎやかである。","answer":"いても※いれば※いると※いるもの"},{"category":"5","correct":"3","question":"主人と相談してから(___)、お返事できません。","answer":"であると※であって※でなくて※でないと"},{"category":"5","correct":"3","question":"壊れてしまったものは、いまさら嘆いて(___)ところで、どうしようもない。","answer":"みる※おいた※おく※みた"},{"category":"5","correct":"0","question":"運動もしないで食べてばかりいるので、体重は(___)一方だ。","answer":"ふえる※ふえた※ふえるの※ふえそう"},{"category":"5","correct":"1","question":"仕事の大変さは自分で(___)こそはじめてわかる。","answer":"やり※やって※やる※やった"},{"category":"5","correct":"3","question":"自分のしたことに責任を持てないようでは成人した大人(___)はずかしい。","answer":"について※からいって※をめぐって※として"},{"category":"5","correct":"1","question":"同じクラスの人(___)、そんなにていねいな話し方をしていると、なかなか仲良くなれないよ。","answer":"にとって※に対して※にあたって※に際して"},{"category":"5","correct":"2","question":"やると決めた以上、最後まで(___)と思う。","answer":"やりがちだ※やりきれない※やりぬきたい※やりっこない"},{"category":"5","correct":"2","question":"雷の音が近くなってきたので、停電の(___)。","answer":"おそれがいる※おそれがいない※おそれがある※おそれがない"},{"category":"5","correct":"0","question":"少し風邪気味なので今夜は(___)寝よう。","answer":"早く※遅く※軽く※短く"},{"category":"5","correct":"0","question":"アメリカ料理(___)いえば、ハンバーガーだ。","answer":"と※に※の※を"}]