[{"category":"5","correct":"2","question":"自分で釣った魚を浜で焼いて食べたあの味は忘れ(___)。","answer":"ずらい※がたい※きれない※やすい"},{"category":"5","correct":"0","question":"ゆうべお酒を飲みすぎた(___)、今朝はあたまが痛い。","answer":"せいか※以上※ためで※最中"},{"category":"5","correct":"3","question":"安くておいしいレストランの知識(___)加藤さんよりくわしい人を私は知らない。","answer":"にとっては※につけては※によっては※にかけては"},{"category":"5","correct":"1","question":"仕事の話はぬき(___)して、楽しくやりましょう。","answer":"て※に※の※を"},{"category":"5","correct":"3","question":"１時間で漢字を５０個覚えなさいと言われても、とても覚え(___)ません。","answer":"すぎ※おわり※しまい※きれ"},{"category":"5","correct":"0","question":"運動もしないで食べてばかりいるので、体重は(___)一方だ。","answer":"ふえる※ふえた※ふえるの※ふえそう"},{"category":"5","correct":"2","question":"育児に参加する男性が増えつつ(___)ということです。","answer":"あり※あって※ある※ありたい"},{"category":"5","correct":"0","question":"両親が漁業をしているわりには、彼は魚の名前を(___)。","answer":"知らない※知らないはずだ※知っている※知っているらしい"},{"category":"5","correct":"3","question":"先生の講義の(___)に、あくびをするのは失礼ですよ。","answer":"上※次第※中※最中"},{"category":"5","correct":"0","question":"あの店のケーキはとてもきれいで、お菓子(___)芸術だ。","answer":"というより※といえば※というほど※といったら"},{"category":"5","correct":"0","question":"アルバイトをしている学生の数は、全校生徒の半分(___)５００人である。","answer":"にあたる※における※に対する※に関する"},{"category":"5","correct":"1","question":"佐藤さんは動物好きで、うさぎも(___)、りすもいてにぎやかである。","answer":"いても※いれば※いると※いるもの"},{"category":"5","correct":"1","question":"明日のコンサート、8時からだっ(___)。","answer":"よ※け※し※わ"},{"category":"5","correct":"3","question":"普段はほとんど笑わないプーチンさん(___)笑うほど、ブッシュさんの冗談はおかしかった。","answer":"だけ※ながら※だけが※でさえ"},{"category":"5","correct":"1","question":"今日は休日とは(___)ものの、臨時会議があるので会社へ行かなければならない。","answer":"いって※いう※いおう※いい"}]