[{"category":"5","correct":"2","question":"雷の音が近くなってきたので、停電の(___)。","answer":"おそれがいる※おそれがいない※おそれがある※おそれがない"},{"category":"5","correct":"2","question":"あの子は小学生(___)、難しい漢字をよく知っている。","answer":"にしろ※にすれば※にしては※にするなら"},{"category":"5","correct":"2","question":"チョコを(___)とたん、歯が痛み出した。","answer":"食べよう※食べている※食べた※食べる"},{"category":"5","correct":"3","question":"先生と相談してから、その問題に(___)結論を出したいと思ってます。","answer":"とって※つけて※よって※ついて"},{"category":"5","correct":"3","question":"彼は料理が得意で、この間ごちそうになったカレーなどはプロのコックが作ったかの(___)。","answer":"みたいだった※らしかった※ばかりだった※ようだった"},{"category":"5","correct":"1","question":"佐藤さんに教えてもらった(___)、試験の成績があがった。","answer":"おかげさまで※おかげで※のおかげで※ためで"},{"category":"5","correct":"0","question":"少し風邪気味なので今夜は(___)寝よう。","answer":"早く※遅く※軽く※短く"},{"category":"5","correct":"3","question":"安くておいしいレストランの知識(___)加藤さんよりくわしい人を私は知らない。","answer":"にとっては※につけては※によっては※にかけては"},{"category":"5","correct":"2","question":"久しぶりの家族旅行だから、みんなの(___)沿ったところに行こう。","answer":"希望の※希望が※希望に※希望が"},{"category":"5","correct":"1","question":"宇宙旅行に行ける(___)、ぜひ行ってみたい。","answer":"もので※ものなら※ものと※ものでも"},{"category":"5","correct":"3","question":"もし、休みが1年間もらえる(___)、日本へ留学したい。","answer":"としても※にしては※について※としたら"},{"category":"5","correct":"2","question":"当プールのご利用に(___)、注意事項をお知らせします。","answer":"際しの※際する※際して※際すの"},{"category":"5","correct":"2","question":"あんなまじめな彼がうそ(___)つくはずがない。","answer":"なども※などか※なんて※なんで"},{"category":"5","correct":"0","question":"佐藤さんが子供を育てる(___)、大学に通い法律の勉強をしている。","answer":"一方で※までか※ことか※次第で"},{"category":"5","correct":"2","question":"迷惑も考えず、夜中に電話をかけてくるような人とは、(___)かねる。","answer":"つきあう※つきあった※つきあい※つきあおう"}]