[{"category":"5","correct":"2","question":"迷惑も考えず、夜中に電話をかけてくるような人とは、(___)かねる。","answer":"つきあう※つきあった※つきあい※つきあおう"},{"category":"5","correct":"2","question":"結婚式に出席すると返事を出した以上、簡単には(___)。","answer":"欠席しなければならない※欠席したり※欠席できない※欠席してしまった"},{"category":"5","correct":"2","question":"育児に参加する男性が増えつつ(___)ということです。","answer":"あり※あって※ある※ありたい"},{"category":"5","correct":"3","question":"日本では毎年6月から7月(___)、雨が多く降ります。","answer":"にあたって※にくらべて※にそって※にかけて"},{"category":"5","correct":"3","question":"吉田さんから聞いたんだけど、マイクさん来月、中国に(___)とか。","answer":"出張に※出張の※出張で※出張だ"},{"category":"5","correct":"2","question":"この問題を解くのに、どれだけ苦労したこと(___)・・・。","answer":"さ※ね※か※わ"},{"category":"5","correct":"2","question":"円が高くなる(___)つれて、海外にいく人も増える。","answer":"も※と※に※を"},{"category":"5","correct":"1","question":"風邪が(___)かけていたのに、無理をしたらまた悪くなってしまった。","answer":"治る※治り※治って※治れ"},{"category":"5","correct":"1","question":"宇宙旅行に行ける(___)、ぜひ行ってみたい。","answer":"もので※ものなら※ものと※ものでも"},{"category":"5","correct":"2","question":"図書館へ本を返しに行った(___)、となりにある郵便局で切手を買ってきた。","answer":"ばかりに※ために※ついでに※とおりに"},{"category":"5","correct":"3","question":"あの歩き方から(___)、彼女はとても疲れているようだ。","answer":"いくと※あると※なると※すると"},{"category":"5","correct":"2","question":"やると決めた以上、最後まで(___)と思う。","answer":"やりがちだ※やりきれない※やりぬきたい※やりっこない"},{"category":"5","correct":"0","question":"夏の平均気温が高かったこと(___)雨が多かったことから、今年の農作物の収穫量は期待できる。","answer":"に加え※うえに※に比べ※どころか"},{"category":"5","correct":"1","question":"最近、環境問題(___)関心が高くなっている。","answer":"に基づく※に対する※にしたがっての※にとっての"},{"category":"5","correct":"3","question":"先生のご指導(___)、論文を完成させることができました。","answer":"といって※について※となって※によって"}]