[{"category":"5","correct":"2","question":"あのレストランは、行く(___)、長い行列ができている。","answer":"からに※とおりに※たびに※ばかりに"},{"category":"5","correct":"1","question":"最近、環境問題(___)関心が高くなっている。","answer":"に基づく※に対する※にしたがっての※にとっての"},{"category":"5","correct":"2","question":"雷の音が近くなってきたので、停電の(___)。","answer":"おそれがいる※おそれがいない※おそれがある※おそれがない"},{"category":"5","correct":"2","question":"大ホール(___)、パーティーを開きます。","answer":"につけて※について※において※にたいして"},{"category":"5","correct":"0","question":"夏の平均気温が高かったこと(___)雨が多かったことから、今年の農作物の収穫量は期待できる。","answer":"に加え※うえに※に比べ※どころか"},{"category":"5","correct":"0","question":"佐藤さんが子供を育てる(___)、大学に通い法律の勉強をしている。","answer":"一方で※までか※ことか※次第で"},{"category":"5","correct":"3","question":"職場を(___)からといって、自分がやりたいことをやらせてもらえるとは限らない。","answer":"変え※変えよう※変えて※変えた"},{"category":"5","correct":"2","question":"いくらお酒が好きだからといって、毎晩(___)。","answer":"飲まなくてはならない※飲んでもかまわない※飲むのはよくない※飲むに違いない"},{"category":"5","correct":"3","question":"先生と相談してから、その問題に(___)結論を出したいと思ってます。","answer":"とって※つけて※よって※ついて"},{"category":"5","correct":"2","question":"環境汚染の解決は、国民一人一人の協力ぬきには(___)。","answer":"考えない※考えよう※考えられない※考えられる"},{"category":"5","correct":"0","question":"仕事に遅れるときは、必ず連絡す(___)だ。","answer":"べき※はず※まい※ばかり"},{"category":"5","correct":"0","question":"少し風邪気味なので今夜は(___)寝よう。","answer":"早く※遅く※軽く※短く"},{"category":"5","correct":"1","question":"佐藤さんは動物好きで、うさぎも(___)、りすもいてにぎやかである。","answer":"いても※いれば※いると※いるもの"},{"category":"5","correct":"2","question":"最近の彼の活躍には、注目すべき（___)があります。","answer":"ほど※わけ※もの※こと"},{"category":"5","correct":"2","question":"酒はともかく、タバコの量は少し(___)。","answer":"減らさないはずだ※減らさないべきだ※減らすべきだ※減らすはずだ"}]