[{"category":"5","correct":"1","question":"同じクラスの人(___)、そんなにていねいな話し方をしていると、なかなか仲良くなれないよ。","answer":"にとって※に対して※にあたって※に際して"},{"category":"5","correct":"1","question":"明日のコンサート、8時からだっ(___)。","answer":"よ※け※し※わ"},{"category":"5","correct":"2","question":"三日月のような形をしている(___)、この湖は三日月湖と呼ばれている。","answer":"ことだから※ものから※ことから※ものなので"},{"category":"5","correct":"3","question":"普段はほとんど笑わないプーチンさん(___)笑うほど、ブッシュさんの冗談はおかしかった。","answer":"だけ※ながら※だけが※でさえ"},{"category":"5","correct":"3","question":"安くておいしいレストランの知識(___)加藤さんよりくわしい人を私は知らない。","answer":"にとっては※につけては※によっては※にかけては"},{"category":"5","correct":"1","question":"わが社では、年齢や性別(___)、能力のある人を求めています。","answer":"にかかわって※にかかわらず※にかかわり※にかかわらない"},{"category":"5","correct":"1","question":"今日は休日とは(___)ものの、臨時会議があるので会社へ行かなければならない。","answer":"いって※いう※いおう※いい"},{"category":"5","correct":"0","question":"佐藤さんが子供を育てる(___)、大学に通い法律の勉強をしている。","answer":"一方で※までか※ことか※次第で"},{"category":"5","correct":"1","question":"田舎の祖母がつくってくれる料理の味は、私(___)濃すぎる。","answer":"になっては※にとっては※によっては※につけては"},{"category":"5","correct":"2","question":"チョコを(___)とたん、歯が痛み出した。","answer":"食べよう※食べている※食べた※食べる"},{"category":"5","correct":"2","question":"商社に就職が決まったので、海外に出張することも(___)うるだろう。","answer":"ある※あって※あり※あろう"},{"category":"5","correct":"3","question":"壊れてしまったものは、いまさら嘆いて(___)ところで、どうしようもない。","answer":"みる※おいた※おく※みた"},{"category":"5","correct":"3","question":"あなたの要求が通るかどうかは、言い方(___)決まるだろう。","answer":"次第を※次第と※次第に※次第で"},{"category":"5","correct":"2","question":"ストレス解消するには、運動する(___)限ります。","answer":"を※が※に※へ"},{"category":"5","correct":"3","question":"主人と相談してから(___)、お返事できません。","answer":"であると※であって※でなくて※でないと"}]