[{"category":"3","correct":"1","question":"もし休暇が(__)、海外旅行には行かずウチでのんびりしたいです。","answer":"取れたにしたら※取れたとしても※取れたにすれば※取れたとしたら"},{"category":"3","correct":"2","question":"気に入った鞄があったけど、残念ながら買えなかったんだ。(__)。","answer":"高すぎただけ※高すぎたとか※高すぎたんだもん※高すぎたんだって"},{"category":"3","correct":"0","question":"田中さん、社長は今すぐ部屋に(__)と言っていますよ。","answer":"こい※こよう※きろ※きよう"},{"category":"3","correct":"0","question":"先輩(__)あんな口きいたら失礼だよ。謝らないと。","answer":"にたいして※にくらべて※にしたら※にとって"},{"category":"3","correct":"0","question":"彼は服が汚れのも(__)、子犬を抱きしめ。","answer":"かまわず※かかわらず※かぎって※とわず"},{"category":"3","correct":"2","question":"フランス語は(__)ですが、発音がダメです。","answer":"話せえない※話せえる※話せないことはない※話せることもない"},{"category":"3","correct":"0","question":"電話くれたらすぐ手伝いに(__)、どうして言わなかったの。","answer":"行ったのに※行くつもりなので※行きたかったけれど※行けないだろうが"},{"category":"3","correct":"0","question":"１０年間(__)研究を続けた。","answer":"にわたって※にかけて※に中心にして※を問わず"},{"category":"3","correct":"2","question":"料理の本に(__)作ったのにマズかった。","answer":"書いてあったどおり※書くをとおして※書いてあるとおりに※書くを通じて"},{"category":"3","correct":"1","question":"あんなまずいケーキ、二度と(__)ものか。","answer":"食べ※食べる※食べた※食べて"},{"category":"3","correct":"0","question":"開発が進む(__)、緑が少なくなった。","answer":"につれて※せいか※とたんに※ばかりか"},{"category":"3","correct":"3","question":"このドラマは、事実(__)製作された。","answer":"につって※につれて※にある反対※に基づいて"},{"category":"3","correct":"0","question":"結婚式に出席(__)ものならしたいが、どうしても都合が合わない。","answer":"できる※した※する※しよう"},{"category":"3","correct":"3","question":"従業員募集中です。年齢、経験、性別の有無(__)募集します。","answer":"をきっかけに※をこめて※をかぎりに※を問わず"},{"category":"3","correct":"3","question":"3年生は全生徒、この科目を取る(__)。","answer":"というけれど※ことらしい※ことのようだ※ことになっている"}]