[{"category":"3","correct":"3","question":"熱(__)なので、今夜は早くねるつもりだ。","answer":"がち※め※げ※ぎみ"},{"category":"3","correct":"2","question":"この問題(__)終えてしまえば、今日の試験は終わる。","answer":"なんか※でさえ※さえ※なんて"},{"category":"3","correct":"3","question":"新聞によると、メキシコで大地震があった(__)。","answer":"こと※じゃないことだ※ことだ※ということだ"},{"category":"3","correct":"3","question":"スペイン語の能力に(__)、クラスを選べます。","answer":"関して※際して※反して※応じて"},{"category":"3","correct":"0","question":"あのクラスは、一番難しいクラス(__)やさしい。","answer":"のわりには※に応じて※くせに※だけあって"},{"category":"3","correct":"3","question":"あ、もう９時だ。早く(__)。","answer":"出かけなかったら※出かけないなら※出かけなくても※出かけないと"},{"category":"3","correct":"0","question":"安い材料で上手に料理すること(__)、彼女に勝てる人はいない。","answer":"にかけては※にこめては※にかぎりに※に問わず"},{"category":"3","correct":"0","question":"１０年間(__)研究を続けた。","answer":"にわたって※にかけて※に中心にして※を問わず"},{"category":"3","correct":"3","question":"このドラマは、事実(__)製作された。","answer":"につって※につれて※にある反対※に基づいて"},{"category":"3","correct":"3","question":"佐藤さんは歌手(__)、歌がうまい。","answer":"くらいに※ほどに※ように※だけに"},{"category":"3","correct":"1","question":"もし休暇が(__)、海外旅行には行かずウチでのんびりしたいです。","answer":"取れたにしたら※取れたとしても※取れたにすれば※取れたとしたら"},{"category":"3","correct":"1","question":"このレストランの料理は、量が少ないから女性(__)だ。","answer":"ぎみ※むけ※まみれ※むき"},{"category":"3","correct":"1","question":"蚊に刺されたところが、(__)。","answer":"かゆいしかならない※かゆくてたまらない※かゆいだけではならない※かゆくしてない"},{"category":"3","correct":"3","question":"そんなに夜遅く、生徒を(__)。","answer":"外出させるわけではない※外出させないわけだ※外出させないべきだ※外出させるべきじゃない"},{"category":"3","correct":"3","question":"環境(__)諸問題について考えよう。","answer":"にわたる※にかける※にあたる※における"}]