[{"category":"3","correct":"1","question":"私の名前は、(__)書きます。","answer":"こんなに※こう※こういう※これを"},{"category":"3","correct":"2","question":"友達の赤ちゃんを預かったのですが、(__)困りました。","answer":"泣けば※泣かせて※泣かれて※泣いてられて"},{"category":"3","correct":"3","question":"先生の(__)、英語の勉強が楽しめるようになった。","answer":"せいで※ためで※くせに※おかげ"},{"category":"3","correct":"0","question":"有名な人の作品(__)、売れるとはかぎらない。","answer":"だからといって※のことだから※をかぎりに※だけあって"},{"category":"3","correct":"0","question":"あのクラスは、一番難しいクラス(__)やさしい。","answer":"のわりには※に応じて※くせに※だけあって"},{"category":"3","correct":"0","question":"病気に(__)、食事に気をつけましょう。","answer":"ならないように※なることがなくて※ならないみたいに※なってはいけなくて"},{"category":"3","correct":"3","question":"仕事でいやなことがあると、酒を(__)。","answer":"飲むことはならない※飲まないことではない※飲んでならない※飲まずにはいられない"},{"category":"3","correct":"1","question":"もし休暇が(__)、海外旅行には行かずウチでのんびりしたいです。","answer":"取れたにしたら※取れたとしても※取れたにすれば※取れたとしたら"},{"category":"3","correct":"1","question":"あんなまずいケーキ、二度と(__)ものか。","answer":"食べ※食べる※食べた※食べて"},{"category":"3","correct":"2","question":"すみません。バスが遅れた(__)、遅刻しました。","answer":"ことですから※んですから※ものですから※わけですから"},{"category":"3","correct":"2","question":"君の言っていることは、言い訳(__)。","answer":"しかない※ということだ※にすぎない※にかぎる"},{"category":"3","correct":"3","question":"駅(__)デパートが建ち並んでいる。","answer":"をめぐって※にあたり※にかんして※を中心に"},{"category":"3","correct":"2","question":"鈴木さんの妹さんは、美人(__)、かわいい女性です。","answer":"というけれど※といっても※というより※といったら"},{"category":"3","correct":"0","question":"夫とは大学のとき(__)、卒業後すぐに結婚した。","answer":"出会って※出会いして※出会いで※出会いにして"},{"category":"3","correct":"2","question":"フランス語は(__)ですが、発音がダメです。","answer":"話せえない※話せえる※話せないことはない※話せることもない"}]