[{"category":"3","correct":"0","question":"(__)、このハガキを出してきてね。","answer":"散歩のついでに※散歩の最中に※散歩のままで※散歩しているなか"},{"category":"3","correct":"2","question":"もっとうまく日本語が(__)なあ。","answer":"話せない※話そうか※話せたら※話しても"},{"category":"3","correct":"1","question":"明日の会議、何時から(__)？","answer":"とか※だっけ※っぽい※なあ"},{"category":"3","correct":"3","question":"環境(__)諸問題について考えよう。","answer":"にわたる※にかける※にあたる※における"},{"category":"3","correct":"1","question":"「よろしくお願いします。」「こちら(__)。」","answer":"とも※こそ※より※から"},{"category":"3","correct":"2","question":"工事中(__)、通れません。","answer":"について※にさえ※につき※によると"},{"category":"3","correct":"2","question":"君の言っていることは、言い訳(__)。","answer":"しかない※ということだ※にすぎない※にかぎる"},{"category":"3","correct":"3","question":"私が難関校を受験しても落ちる(__)。","answer":"ことがちがいない※ようにきまっている※にちがわない※にきまっている"},{"category":"3","correct":"2","question":"先生に読めと言われた論文は、(__)ものの、まだ読んでいない。","answer":"借りない※借りる※借りた※借りよう"},{"category":"3","correct":"0","question":"彼女の財布を拾った(__)、私たちは結婚した。","answer":"のをきっかけに※のをもとに※からに※からより"},{"category":"3","correct":"3","question":"この財布は色もいい(__)形もよい。","answer":"だ※とか※なく※し"},{"category":"3","correct":"1","question":"心を(__)作った歌は何度聴いてもすばらしい。","answer":"きっかけに※こめて※かぎりに※問わず"},{"category":"3","correct":"0","question":"病気に(__)、食事に気をつけましょう。","answer":"ならないように※なることがなくて※ならないみたいに※なってはいけなくて"},{"category":"3","correct":"1","question":"ゴミを減らすことを目的(__)運動がさかんに行われている。","answer":"にそった※とした※による※を問わず"},{"category":"3","correct":"1","question":"日曜日は、家でＤＶＤを(__)過ごします。","answer":"見ようとして※見たりして※見るために※見るままで"}]