[{"category":"3","correct":"0","question":"(__)、このハガキを出してきてね。","answer":"散歩のついでに※散歩の最中に※散歩のままで※散歩しているなか"},{"category":"3","correct":"2","question":"すみません。バスが遅れた(__)、遅刻しました。","answer":"ことですから※んですから※ものですから※わけですから"},{"category":"3","correct":"3","question":"熱(__)なので、今夜は早くねるつもりだ。","answer":"がち※め※げ※ぎみ"},{"category":"3","correct":"2","question":"この道(__)行くと、駅に着きます。","answer":"にわたって※にかわって※にそって※にあたって"},{"category":"3","correct":"1","question":"心を(__)作った歌は何度聴いてもすばらしい。","answer":"きっかけに※こめて※かぎりに※問わず"},{"category":"3","correct":"0","question":"夫とは大学のとき(__)、卒業後すぐに結婚した。","answer":"出会って※出会いして※出会いで※出会いにして"},{"category":"3","correct":"0","question":"有名な人の作品(__)、売れるとはかぎらない。","answer":"だからといって※のことだから※をかぎりに※だけあって"},{"category":"3","correct":"0","question":"メキシコで大きな地震があったというニュースが(__)。","answer":"伝えられました※伝わってきました※伝えてきました※伝わられました"},{"category":"3","correct":"2","question":"気に入った鞄があったけど、残念ながら買えなかったんだ。(__)。","answer":"高すぎただけ※高すぎたとか※高すぎたんだもん※高すぎたんだって"},{"category":"3","correct":"0","question":"すみません、書くものを貸して(__)。","answer":"もらえませんか※くださりませんか※もらいませんか※いただきませんか"},{"category":"3","correct":"3","question":"あの人は、漢字(__)、ひらがなも書けない。","answer":"というけれど※といっても※だけで※ばかりか"},{"category":"3","correct":"3","question":"スペイン語の能力に(__)、クラスを選べます。","answer":"関して※際して※反して※応じて"},{"category":"3","correct":"2","question":"経済評論家の予測(__)景気は悪くなった。","answer":"によって※にそって※に反して※に基づいて"},{"category":"3","correct":"0","question":"何かに(__)、仲間にはお世話になっている。","answer":"つけ※しろ※せいで※やら"},{"category":"3","correct":"3","question":"このドラマは、事実(__)製作された。","answer":"につって※につれて※にある反対※に基づいて"}]