[{"category":"3","correct":"2","question":"娘がケガをしたと聞いて、どんなに心配した(__)。","answer":"んだっけ※まいか※ことか※ものだ"},{"category":"3","correct":"2","question":"鈴木さんの妹さんは、美人(__)、かわいい女性です。","answer":"というけれど※といっても※というより※といったら"},{"category":"3","correct":"2","question":"この問題(__)終えてしまえば、今日の試験は終わる。","answer":"なんか※でさえ※さえ※なんて"},{"category":"3","correct":"0","question":"今日は遊びにいけません。たくさん宿題がある(__)。","answer":"からです※はずです※つもりです※ところです"},{"category":"3","correct":"2","question":"経済評論家の予測(__)景気は悪くなった。","answer":"によって※にそって※に反して※に基づいて"},{"category":"3","correct":"0","question":"有名な人の作品(__)、売れるとはかぎらない。","answer":"だからといって※のことだから※をかぎりに※だけあって"},{"category":"3","correct":"3","question":"このドラマは、事実(__)製作された。","answer":"につって※につれて※にある反対※に基づいて"},{"category":"3","correct":"2","question":"友達の赤ちゃんを預かったのですが、(__)困りました。","answer":"泣けば※泣かせて※泣かれて※泣いてられて"},{"category":"3","correct":"2","question":"料理の本に(__)作ったのにマズかった。","answer":"書いてあったどおり※書くをとおして※書いてあるとおりに※書くを通じて"},{"category":"3","correct":"3","question":"先生の(__)、英語の勉強が楽しめるようになった。","answer":"せいで※ためで※くせに※おかげ"},{"category":"3","correct":"3","question":"忘れ物をしないように、私はいつも前の日に用意しておく(__)。","answer":"をきっかけです※べきだ※わけにはいかない※ようにしている"},{"category":"3","correct":"0","question":"九州には、高校の修学旅行で(__)行っていない。","answer":"行ったきり※行きっきり※行かないきり※行ってきり"},{"category":"3","correct":"2","question":"医者に酒は(__)と言われています。","answer":"飲まな※飲みな※飲むな※飲めな"},{"category":"3","correct":"2","question":"あの選手は周囲の期待に(__)活躍した。","answer":"つけても※つれて※こたえて※すれば"},{"category":"3","correct":"2","question":"もっとうまく日本語が(__)なあ。","answer":"話せない※話そうか※話せたら※話しても"}]