[{"category":"3","correct":"1","question":"心を(__)作った歌は何度聴いてもすばらしい。","answer":"きっかけに※こめて※かぎりに※問わず"},{"category":"3","correct":"3","question":"先生の(__)、英語の勉強が楽しめるようになった。","answer":"せいで※ためで※くせに※おかげ"},{"category":"3","correct":"0","question":"親切な彼の(__)、引き受けてくれると思う。","answer":"ことだから※ことまいか※ことには※ことなんだ"},{"category":"3","correct":"2","question":"あの選手は周囲の期待に(__)活躍した。","answer":"つけても※つれて※こたえて※すれば"},{"category":"3","correct":"2","question":"フランス語は(__)ですが、発音がダメです。","answer":"話せえない※話せえる※話せないことはない※話せることもない"},{"category":"3","correct":"3","question":"佐藤さんは仕事が終わっても、なかなか(__)。","answer":"帰るようにしていない※帰れないつもりだ※帰ってられない※帰ろうとしない"},{"category":"3","correct":"2","question":"先生に読めと言われた論文は、(__)ものの、まだ読んでいない。","answer":"借りない※借りる※借りた※借りよう"},{"category":"3","correct":"0","question":"結婚式に出席(__)ものならしたいが、どうしても都合が合わない。","answer":"できる※した※する※しよう"},{"category":"3","correct":"3","question":"私は留学生(__)日本に来ましたが、日本で就職をして出産もしました。","answer":"としても※としては※としたら※として"},{"category":"3","correct":"2","question":"娘がケガをしたと聞いて、どんなに心配した(__)。","answer":"んだっけ※まいか※ことか※ものだ"},{"category":"3","correct":"3","question":"あの人は、漢字(__)、ひらがなも書けない。","answer":"というけれど※といっても※だけで※ばかりか"},{"category":"3","correct":"3","question":"うれしい(__)、希望の大学に受かった。","answer":"というと※ことだから※ことは※ことに"},{"category":"3","correct":"0","question":"何かに(__)、仲間にはお世話になっている。","answer":"つけ※しろ※せいで※やら"},{"category":"3","correct":"3","question":"3年生は全生徒、この科目を取る(__)。","answer":"というけれど※ことらしい※ことのようだ※ことになっている"},{"category":"3","correct":"0","question":"開発が進む(__)、緑が少なくなった。","answer":"につれて※せいか※とたんに※ばかりか"}]