[{"category":"3","correct":"0","question":"彼は服が汚れのも(__)、子犬を抱きしめ。","answer":"かまわず※かかわらず※かぎって※とわず"},{"category":"3","correct":"1","question":"もし休暇が(__)、海外旅行には行かずウチでのんびりしたいです。","answer":"取れたにしたら※取れたとしても※取れたにすれば※取れたとしたら"},{"category":"3","correct":"2","question":"気に入った鞄があったけど、残念ながら買えなかったんだ。(__)。","answer":"高すぎただけ※高すぎたとか※高すぎたんだもん※高すぎたんだって"},{"category":"3","correct":"3","question":"あの人は、漢字(__)、ひらがなも書けない。","answer":"というけれど※といっても※だけで※ばかりか"},{"category":"3","correct":"3","question":"佐藤さんは仕事が終わっても、なかなか(__)。","answer":"帰るようにしていない※帰れないつもりだ※帰ってられない※帰ろうとしない"},{"category":"3","correct":"3","question":"3年生は全生徒、この科目を取る(__)。","answer":"というけれど※ことらしい※ことのようだ※ことになっている"},{"category":"3","correct":"3","question":"熱(__)なので、今夜は早くねるつもりだ。","answer":"がち※め※げ※ぎみ"},{"category":"3","correct":"0","question":"病気に(__)、食事に気をつけましょう。","answer":"ならないように※なることがなくて※ならないみたいに※なってはいけなくて"},{"category":"3","correct":"0","question":"田中さん、社長は今すぐ部屋に(__)と言っていますよ。","answer":"こい※こよう※きろ※きよう"},{"category":"3","correct":"2","question":"この問題(__)終えてしまえば、今日の試験は終わる。","answer":"なんか※でさえ※さえ※なんて"},{"category":"3","correct":"1","question":"この料亭、有名な店(__)、まずいですね。","answer":"によっても※にしては※にしても※にとっては"},{"category":"3","correct":"0","question":"この新商品は、大阪(__)、全国の都市で販売される予定だ。","answer":"をはじめ※にはじめて※にはじめ※をはじめて"},{"category":"3","correct":"2","question":"こんな難解な問題、でき(__)。","answer":"ないっぽい※ものか※っこない※わけがない"},{"category":"3","correct":"3","question":"仲間の協力(__)、私の成功はなかっただろう。","answer":"によって※のせいで※のおかげで※をぬきに"},{"category":"3","correct":"2","question":"友達の赤ちゃんを預かったのですが、(__)困りました。","answer":"泣けば※泣かせて※泣かれて※泣いてられて"}]