[{"category":"3","correct":"3","question":"あの人は、漢字(__)、ひらがなも書けない。","answer":"というけれど※といっても※だけで※ばかりか"},{"category":"3","correct":"3","question":"この映画は実際にあった話(__)製作された。","answer":"によって※のもとで※をそった※をもとに"},{"category":"3","correct":"0","question":"１０年間(__)研究を続けた。","answer":"にわたって※にかけて※に中心にして※を問わず"},{"category":"3","correct":"3","question":"あさって、休んでもいいですよ。(__)、明日は絶対に来てください。","answer":"それにかんして※それにくわえて※それにたいして※そのかわりに"},{"category":"3","correct":"3","question":"状況を話したいが、メールでは説明(__)。","answer":"わけがない※しかない※ほかない※しようがない"},{"category":"3","correct":"3","question":"佐藤さんは歌手(__)、歌がうまい。","answer":"くらいに※ほどに※ように※だけに"},{"category":"3","correct":"2","question":"この道(__)行くと、駅に着きます。","answer":"にわたって※にかわって※にそって※にあたって"},{"category":"3","correct":"3","question":"うれしい(__)、希望の大学に受かった。","answer":"というと※ことだから※ことは※ことに"},{"category":"3","correct":"3","question":"この財布は色もいい(__)形もよい。","answer":"だ※とか※なく※し"},{"category":"3","correct":"0","question":"朝、コーヒーを(__)気持ち悪くなってトイレに行った。","answer":"飲んだとたんに※飲んでながら※飲むたびに※飲むところに"},{"category":"3","correct":"3","question":"そんなに夜遅く、生徒を(__)。","answer":"外出させるわけではない※外出させないわけだ※外出させないべきだ※外出させるべきじゃない"},{"category":"3","correct":"0","question":"すみません、書くものを貸して(__)。","answer":"もらえませんか※くださりませんか※もらいませんか※いただきませんか"},{"category":"3","correct":"2","question":"娘がケガをしたと聞いて、どんなに心配した(__)。","answer":"んだっけ※まいか※ことか※ものだ"},{"category":"3","correct":"1","question":"あんなまずいケーキ、二度と(__)ものか。","answer":"食べ※食べる※食べた※食べて"},{"category":"3","correct":"1","question":"私の名前は、(__)書きます。","answer":"こんなに※こう※こういう※これを"}]