[{"category":"3","correct":"2","question":"フランス語は(__)ですが、発音がダメです。","answer":"話せえない※話せえる※話せないことはない※話せることもない"},{"category":"3","correct":"0","question":"有名な人の作品(__)、売れるとはかぎらない。","answer":"だからといって※のことだから※をかぎりに※だけあって"},{"category":"3","correct":"3","question":"スペイン語の能力に(__)、クラスを選べます。","answer":"関して※際して※反して※応じて"},{"category":"3","correct":"3","question":"3年生は全生徒、この科目を取る(__)。","answer":"というけれど※ことらしい※ことのようだ※ことになっている"},{"category":"3","correct":"3","question":"この携帯電話は修理してもダメなのだから、捨てるより(__)。","answer":"だけない※しかない※こそない※ほかない"},{"category":"3","correct":"0","question":"先輩(__)あんな口きいたら失礼だよ。謝らないと。","answer":"にたいして※にくらべて※にしたら※にとって"},{"category":"3","correct":"3","question":"最終的にあきらめる(__)、一度はやってみるべきだ。","answer":"にしたら※たび※にこそ※にしろ"},{"category":"3","correct":"2","question":"料理の本に(__)作ったのにマズかった。","answer":"書いてあったどおり※書くをとおして※書いてあるとおりに※書くを通じて"},{"category":"3","correct":"0","question":"たばこの煙は、吸わない人(__)大迷惑だ。","answer":"にしたら※に際し※にしても※でさえ"},{"category":"3","correct":"0","question":"１０年間(__)研究を続けた。","answer":"にわたって※にかけて※に中心にして※を問わず"},{"category":"3","correct":"3","question":"駅(__)デパートが建ち並んでいる。","answer":"をめぐって※にあたり※にかんして※を中心に"},{"category":"3","correct":"3","question":"佐藤さんは仕事が終わっても、なかなか(__)。","answer":"帰るようにしていない※帰れないつもりだ※帰ってられない※帰ろうとしない"},{"category":"3","correct":"0","question":"病気に(__)、食事に気をつけましょう。","answer":"ならないように※なることがなくて※ならないみたいに※なってはいけなくて"},{"category":"3","correct":"3","question":"私が難関校を受験しても落ちる(__)。","answer":"ことがちがいない※ようにきまっている※にちがわない※にきまっている"},{"category":"3","correct":"2","question":"この道(__)行くと、駅に着きます。","answer":"にわたって※にかわって※にそって※にあたって"}]