[{"category":"3","correct":"0","question":"あのクラスは、一番難しいクラス(__)やさしい。","answer":"のわりには※に応じて※くせに※だけあって"},{"category":"3","correct":"1","question":"私の名前は、(__)書きます。","answer":"こんなに※こう※こういう※これを"},{"category":"3","correct":"3","question":"この映画は実際にあった話(__)製作された。","answer":"によって※のもとで※をそった※をもとに"},{"category":"3","correct":"0","question":"両親は、息子の書いた絵を毎日飽きる(__)眺めた。","answer":"ことなく※によって※ように※ものだ"},{"category":"3","correct":"0","question":"朝、コーヒーを(__)気持ち悪くなってトイレに行った。","answer":"飲んだとたんに※飲んでながら※飲むたびに※飲むところに"},{"category":"3","correct":"0","question":"田中さん、社長は今すぐ部屋に(__)と言っていますよ。","answer":"こい※こよう※きろ※きよう"},{"category":"3","correct":"0","question":"先輩(__)あんな口きいたら失礼だよ。謝らないと。","answer":"にたいして※にくらべて※にしたら※にとって"},{"category":"3","correct":"2","question":"経済評論家の予測(__)景気は悪くなった。","answer":"によって※にそって※に反して※に基づいて"},{"category":"3","correct":"3","question":"環境(__)諸問題について考えよう。","answer":"にわたる※にかける※にあたる※における"},{"category":"3","correct":"2","question":"フランス語は(__)ですが、発音がダメです。","answer":"話せえない※話せえる※話せないことはない※話せることもない"},{"category":"3","correct":"3","question":"3年生は全生徒、この科目を取る(__)。","answer":"というけれど※ことらしい※ことのようだ※ことになっている"},{"category":"3","correct":"0","question":"メキシコで大きな地震があったというニュースが(__)。","answer":"伝えられました※伝わってきました※伝えてきました※伝わられました"},{"category":"3","correct":"1","question":"あんなまずいケーキ、二度と(__)ものか。","answer":"食べ※食べる※食べた※食べて"},{"category":"3","correct":"2","question":"あの選手は周囲の期待に(__)活躍した。","answer":"つけても※つれて※こたえて※すれば"},{"category":"3","correct":"2","question":"工事中(__)、通れません。","answer":"について※にさえ※につき※によると"}]