[{"category":"3","correct":"1","question":"「よろしくお願いします。」「こちら(__)。」","answer":"とも※こそ※より※から"},{"category":"3","correct":"3","question":"状況を話したいが、メールでは説明(__)。","answer":"わけがない※しかない※ほかない※しようがない"},{"category":"3","correct":"2","question":"調子が悪い(__)、働き続けた。","answer":"によって※にそって※にもかかわらず※に基づいて"},{"category":"3","correct":"0","question":"田中さん、社長は今すぐ部屋に(__)と言っていますよ。","answer":"こい※こよう※きろ※きよう"},{"category":"3","correct":"0","question":"彼は服が汚れのも(__)、子犬を抱きしめ。","answer":"かまわず※かかわらず※かぎって※とわず"},{"category":"3","correct":"2","question":"すみません。バスが遅れた(__)、遅刻しました。","answer":"ことですから※んですから※ものですから※わけですから"},{"category":"3","correct":"1","question":"失敗してもあきらめなうで、もう一度(__)。","answer":"やってみれ※やってごらん※やってなさい※やってなされ"},{"category":"3","correct":"3","question":"あさって、休んでもいいですよ。(__)、明日は絶対に来てください。","answer":"それにかんして※それにくわえて※それにたいして※そのかわりに"},{"category":"3","correct":"1","question":"ゴミを減らすことを目的(__)運動がさかんに行われている。","answer":"にそった※とした※による※を問わず"},{"category":"3","correct":"2","question":"もっとうまく日本語が(__)なあ。","answer":"話せない※話そうか※話せたら※話しても"},{"category":"3","correct":"3","question":"スペイン語の能力に(__)、クラスを選べます。","answer":"関して※際して※反して※応じて"},{"category":"3","correct":"2","question":"荷物が届きましたが、それは私が注文したものと(__)。","answer":"ちがかったです※まちがったです※ちがっていました※まちがえていました"},{"category":"3","correct":"2","question":"この問題(__)終えてしまえば、今日の試験は終わる。","answer":"なんか※でさえ※さえ※なんて"},{"category":"3","correct":"0","question":"夫とは大学のとき(__)、卒業後すぐに結婚した。","answer":"出会って※出会いして※出会いで※出会いにして"},{"category":"3","correct":"3","question":"そんなに夜遅く、生徒を(__)。","answer":"外出させるわけではない※外出させないわけだ※外出させないべきだ※外出させるべきじゃない"}]