[{"category":"3","correct":"3","question":"駅(__)デパートが建ち並んでいる。","answer":"をめぐって※にあたり※にかんして※を中心に"},{"category":"3","correct":"2","question":"すみません。バスが遅れた(__)、遅刻しました。","answer":"ことですから※んですから※ものですから※わけですから"},{"category":"3","correct":"2","question":"こんな難解な問題、でき(__)。","answer":"ないっぽい※ものか※っこない※わけがない"},{"category":"3","correct":"3","question":"私は留学生(__)日本に来ましたが、日本で就職をして出産もしました。","answer":"としても※としては※としたら※として"},{"category":"3","correct":"0","question":"すみません、書くものを貸して(__)。","answer":"もらえませんか※くださりませんか※もらいませんか※いただきませんか"},{"category":"3","correct":"0","question":"開発が進む(__)、緑が少なくなった。","answer":"につれて※せいか※とたんに※ばかりか"},{"category":"3","correct":"2","question":"娘がケガをしたと聞いて、どんなに心配した(__)。","answer":"んだっけ※まいか※ことか※ものだ"},{"category":"3","correct":"0","question":"朝、コーヒーを(__)気持ち悪くなってトイレに行った。","answer":"飲んだとたんに※飲んでながら※飲むたびに※飲むところに"},{"category":"3","correct":"0","question":"この新商品は、大阪(__)、全国の都市で販売される予定だ。","answer":"をはじめ※にはじめて※にはじめ※をはじめて"},{"category":"3","correct":"3","question":"仕事でいやなことがあると、酒を(__)。","answer":"飲むことはならない※飲まないことではない※飲んでならない※飲まずにはいられない"},{"category":"3","correct":"2","question":"鈴木さんの妹さんは、美人(__)、かわいい女性です。","answer":"というけれど※といっても※というより※といったら"},{"category":"3","correct":"0","question":"まじめな彼が無断欠勤するなんて、何かあったに(__)。","answer":"違いない※すぎない※はずだ※だろう"},{"category":"3","correct":"0","question":"今日は遊びにいけません。たくさん宿題がある(__)。","answer":"からです※はずです※つもりです※ところです"},{"category":"3","correct":"1","question":"心を(__)作った歌は何度聴いてもすばらしい。","answer":"きっかけに※こめて※かぎりに※問わず"},{"category":"3","correct":"3","question":"仲間の協力(__)、私の成功はなかっただろう。","answer":"によって※のせいで※のおかげで※をぬきに"}]