[{"category":"3","correct":"3","question":"最終的にあきらめる(__)、一度はやってみるべきだ。","answer":"にしたら※たび※にこそ※にしろ"},{"category":"3","correct":"0","question":"この新商品は、大阪(__)、全国の都市で販売される予定だ。","answer":"をはじめ※にはじめて※にはじめ※をはじめて"},{"category":"3","correct":"1","question":"このレストランの料理は、量が少ないから女性(__)だ。","answer":"ぎみ※むけ※まみれ※むき"},{"category":"3","correct":"0","question":"今日は遊びにいけません。たくさん宿題がある(__)。","answer":"からです※はずです※つもりです※ところです"},{"category":"3","correct":"3","question":"熱(__)なので、今夜は早くねるつもりだ。","answer":"がち※め※げ※ぎみ"},{"category":"3","correct":"1","question":"私の名前は、(__)書きます。","answer":"こんなに※こう※こういう※これを"},{"category":"3","correct":"2","question":"フランス語は(__)ですが、発音がダメです。","answer":"話せえない※話せえる※話せないことはない※話せることもない"},{"category":"3","correct":"3","question":"仕事でいやなことがあると、酒を(__)。","answer":"飲むことはならない※飲まないことではない※飲んでならない※飲まずにはいられない"},{"category":"3","correct":"2","question":"先生に読めと言われた論文は、(__)ものの、まだ読んでいない。","answer":"借りない※借りる※借りた※借りよう"},{"category":"3","correct":"3","question":"そんなに夜遅く、生徒を(__)。","answer":"外出させるわけではない※外出させないわけだ※外出させないべきだ※外出させるべきじゃない"},{"category":"3","correct":"3","question":"状況を話したいが、メールでは説明(__)。","answer":"わけがない※しかない※ほかない※しようがない"},{"category":"3","correct":"3","question":"新聞によると、メキシコで大地震があった(__)。","answer":"こと※じゃないことだ※ことだ※ということだ"},{"category":"3","correct":"0","question":"田中さん、社長は今すぐ部屋に(__)と言っていますよ。","answer":"こい※こよう※きろ※きよう"},{"category":"3","correct":"0","question":"開発が進む(__)、緑が少なくなった。","answer":"につれて※せいか※とたんに※ばかりか"},{"category":"3","correct":"2","question":"危なかった。もうすこしで事故になる(__)。","answer":"らしかった※そうだった※ところだった※途中だった"}]