[{"category":"3","correct":"0","question":"(__)、このハガキを出してきてね。","answer":"散歩のついでに※散歩の最中に※散歩のままで※散歩しているなか"},{"category":"3","correct":"0","question":"まじめな彼が無断欠勤するなんて、何かあったに(__)。","answer":"違いない※すぎない※はずだ※だろう"},{"category":"3","correct":"1","question":"日曜日は、家でＤＶＤを(__)過ごします。","answer":"見ようとして※見たりして※見るために※見るままで"},{"category":"3","correct":"0","question":"今日は遊びにいけません。たくさん宿題がある(__)。","answer":"からです※はずです※つもりです※ところです"},{"category":"3","correct":"1","question":"「よろしくお願いします。」「こちら(__)。」","answer":"とも※こそ※より※から"},{"category":"3","correct":"3","question":"忘れ物をしないように、私はいつも前の日に用意しておく(__)。","answer":"をきっかけです※べきだ※わけにはいかない※ようにしている"},{"category":"3","correct":"1","question":"私の名前は、(__)書きます。","answer":"こんなに※こう※こういう※これを"},{"category":"3","correct":"3","question":"この携帯電話は修理してもダメなのだから、捨てるより(__)。","answer":"だけない※しかない※こそない※ほかない"},{"category":"3","correct":"2","question":"経済評論家の予測(__)景気は悪くなった。","answer":"によって※にそって※に反して※に基づいて"},{"category":"3","correct":"2","question":"気に入った鞄があったけど、残念ながら買えなかったんだ。(__)。","answer":"高すぎただけ※高すぎたとか※高すぎたんだもん※高すぎたんだって"},{"category":"3","correct":"1","question":"ゴミを減らすことを目的(__)運動がさかんに行われている。","answer":"にそった※とした※による※を問わず"},{"category":"3","correct":"3","question":"仲間の協力(__)、私の成功はなかっただろう。","answer":"によって※のせいで※のおかげで※をぬきに"},{"category":"3","correct":"1","question":"あんなまずいケーキ、二度と(__)ものか。","answer":"食べ※食べる※食べた※食べて"},{"category":"3","correct":"0","question":"結婚式に出席(__)ものならしたいが、どうしても都合が合わない。","answer":"できる※した※する※しよう"},{"category":"3","correct":"2","question":"テレビ番組での大臣の発言(__)、国民から批判のメールが多くあった。","answer":"にあたって※をとわず※をめぐって※にも関わらず"}]