[{"category":"3","correct":"2","question":"君の言っていることは、言い訳(__)。","answer":"しかない※ということだ※にすぎない※にかぎる"},{"category":"3","correct":"3","question":"この携帯電話は修理してもダメなのだから、捨てるより(__)。","answer":"だけない※しかない※こそない※ほかない"},{"category":"3","correct":"1","question":"この料亭、有名な店(__)、まずいですね。","answer":"によっても※にしては※にしても※にとっては"},{"category":"3","correct":"3","question":"いつも持っているのに、今日(__)携帯電話がない。","answer":"によって※にそって※に反して※に限って"},{"category":"3","correct":"1","question":"大学をやめました。(__)、父が亡くなって働かなければならないので。。。","answer":"というと※というのは※というならば※ということは"},{"category":"3","correct":"3","question":"こんなにたくさんのご飯、いくら僕でも食べ(__)よ。","answer":"ぬけない※おえない※かけない※きれない"},{"category":"3","correct":"0","question":"病気に(__)、食事に気をつけましょう。","answer":"ならないように※なることがなくて※ならないみたいに※なってはいけなくて"},{"category":"3","correct":"0","question":"毎日練習しているのに、(__)上手になりません。","answer":"ちっとも※少しだけ※めったに※おそらく"},{"category":"3","correct":"3","question":"スペイン語の能力に(__)、クラスを選べます。","answer":"関して※際して※反して※応じて"},{"category":"3","correct":"3","question":"先生の(__)、英語の勉強が楽しめるようになった。","answer":"せいで※ためで※くせに※おかげ"},{"category":"3","correct":"0","question":"彼女の財布を拾った(__)、私たちは結婚した。","answer":"のをきっかけに※のをもとに※からに※からより"},{"category":"3","correct":"3","question":"状況を話したいが、メールでは説明(__)。","answer":"わけがない※しかない※ほかない※しようがない"},{"category":"3","correct":"2","question":"娘がケガをしたと聞いて、どんなに心配した(__)。","answer":"んだっけ※まいか※ことか※ものだ"},{"category":"3","correct":"0","question":"結婚式に出席(__)ものならしたいが、どうしても都合が合わない。","answer":"できる※した※する※しよう"},{"category":"3","correct":"1","question":"もし休暇が(__)、海外旅行には行かずウチでのんびりしたいです。","answer":"取れたにしたら※取れたとしても※取れたにすれば※取れたとしたら"}]