[{"category":"3","correct":"3","question":"うれしい(__)、希望の大学に受かった。","answer":"というと※ことだから※ことは※ことに"},{"category":"3","correct":"0","question":"そこを(__)ばかり、事故にあった。","answer":"通った※通ろう※通って※通り"},{"category":"3","correct":"2","question":"先生に読めと言われた論文は、(__)ものの、まだ読んでいない。","answer":"借りない※借りる※借りた※借りよう"},{"category":"3","correct":"3","question":"こんなにたくさんのご飯、いくら僕でも食べ(__)よ。","answer":"ぬけない※おえない※かけない※きれない"},{"category":"3","correct":"3","question":"スペイン語の能力に(__)、クラスを選べます。","answer":"関して※際して※反して※応じて"},{"category":"3","correct":"0","question":"(__)、このハガキを出してきてね。","answer":"散歩のついでに※散歩の最中に※散歩のままで※散歩しているなか"},{"category":"3","correct":"2","question":"もう２時を過ぎたか、昼ごはん(__)朝ごはんもまだ食べていない。","answer":"のどころ※のどころか※どころか※ところが"},{"category":"3","correct":"3","question":"状況を話したいが、メールでは説明(__)。","answer":"わけがない※しかない※ほかない※しようがない"},{"category":"3","correct":"2","question":"鈴木さんの妹さんは、美人(__)、かわいい女性です。","answer":"というけれど※といっても※というより※といったら"},{"category":"3","correct":"3","question":"先生の(__)、英語の勉強が楽しめるようになった。","answer":"せいで※ためで※くせに※おかげ"},{"category":"3","correct":"2","question":"工事中(__)、通れません。","answer":"について※にさえ※につき※によると"},{"category":"3","correct":"1","question":"明日の会議、何時から(__)？","answer":"とか※だっけ※っぽい※なあ"},{"category":"3","correct":"2","question":"テレビ番組での大臣の発言(__)、国民から批判のメールが多くあった。","answer":"にあたって※をとわず※をめぐって※にも関わらず"},{"category":"3","correct":"2","question":"今日のニュース(__)、来年の夏はいつものより寒いそうです。","answer":"について※によって※によると※にとって"},{"category":"3","correct":"0","question":"開発が進む(__)、緑が少なくなった。","answer":"につれて※せいか※とたんに※ばかりか"}]