[{"category":"3","correct":"0","question":"朝、コーヒーを(__)気持ち悪くなってトイレに行った。","answer":"飲んだとたんに※飲んでながら※飲むたびに※飲むところに"},{"category":"3","correct":"1","question":"私の名前は、(__)書きます。","answer":"こんなに※こう※こういう※これを"},{"category":"3","correct":"3","question":"佐藤君は運動はできないが、(__)学校で一番だ。","answer":"頭をきっかけに※頭がいいからといって※頭をかぎりに※頭のよさにかけては"},{"category":"3","correct":"1","question":"明日の会議、何時から(__)？","answer":"とか※だっけ※っぽい※なあ"},{"category":"3","correct":"2","question":"医者に酒は(__)と言われています。","answer":"飲まな※飲みな※飲むな※飲めな"},{"category":"3","correct":"2","question":"この道(__)行くと、駅に着きます。","answer":"にわたって※にかわって※にそって※にあたって"},{"category":"3","correct":"2","question":"工事中(__)、通れません。","answer":"について※にさえ※につき※によると"},{"category":"3","correct":"2","question":"調子が悪い(__)、働き続けた。","answer":"によって※にそって※にもかかわらず※に基づいて"},{"category":"3","correct":"1","question":"日曜日は、家でＤＶＤを(__)過ごします。","answer":"見ようとして※見たりして※見るために※見るままで"},{"category":"3","correct":"0","question":"両親は、息子の書いた絵を毎日飽きる(__)眺めた。","answer":"ことなく※によって※ように※ものだ"},{"category":"3","correct":"0","question":"彼女の財布を拾った(__)、私たちは結婚した。","answer":"のをきっかけに※のをもとに※からに※からより"},{"category":"3","correct":"2","question":"すみません。バスが遅れた(__)、遅刻しました。","answer":"ことですから※んですから※ものですから※わけですから"},{"category":"3","correct":"1","question":"明日は一年に一度のテストだから、(__)。","answer":"休まないわけはない※休むわけにはいかない※休まないわけではない※休むわけではない"},{"category":"3","correct":"1","question":"このレストランの料理は、量が少ないから女性(__)だ。","answer":"ぎみ※むけ※まみれ※むき"},{"category":"3","correct":"2","question":"鈴木さんの妹さんは、美人(__)、かわいい女性です。","answer":"というけれど※といっても※というより※といったら"}]