[{"category":"3","correct":"0","question":"田中さん、社長は今すぐ部屋に(__)と言っていますよ。","answer":"こい※こよう※きろ※きよう"},{"category":"3","correct":"0","question":"九州には、高校の修学旅行で(__)行っていない。","answer":"行ったきり※行きっきり※行かないきり※行ってきり"},{"category":"3","correct":"3","question":"熱(__)なので、今夜は早くねるつもりだ。","answer":"がち※め※げ※ぎみ"},{"category":"3","correct":"2","question":"娘がケガをしたと聞いて、どんなに心配した(__)。","answer":"んだっけ※まいか※ことか※ものだ"},{"category":"3","correct":"3","question":"あさって、休んでもいいですよ。(__)、明日は絶対に来てください。","answer":"それにかんして※それにくわえて※それにたいして※そのかわりに"},{"category":"3","correct":"3","question":"あ、もう９時だ。早く(__)。","answer":"出かけなかったら※出かけないなら※出かけなくても※出かけないと"},{"category":"3","correct":"0","question":"この新商品は、大阪(__)、全国の都市で販売される予定だ。","answer":"をはじめ※にはじめて※にはじめ※をはじめて"},{"category":"3","correct":"2","question":"先生に読めと言われた論文は、(__)ものの、まだ読んでいない。","answer":"借りない※借りる※借りた※借りよう"},{"category":"3","correct":"1","question":"明日の会議、何時から(__)？","answer":"とか※だっけ※っぽい※なあ"},{"category":"3","correct":"3","question":"私は留学生(__)日本に来ましたが、日本で就職をして出産もしました。","answer":"としても※としては※としたら※として"},{"category":"3","correct":"2","question":"すみません。バスが遅れた(__)、遅刻しました。","answer":"ことですから※んですから※ものですから※わけですから"},{"category":"3","correct":"0","question":"１０年間(__)研究を続けた。","answer":"にわたって※にかけて※に中心にして※を問わず"},{"category":"3","correct":"0","question":"有名な人の作品(__)、売れるとはかぎらない。","answer":"だからといって※のことだから※をかぎりに※だけあって"},{"category":"3","correct":"2","question":"経済評論家の予測(__)景気は悪くなった。","answer":"によって※にそって※に反して※に基づいて"},{"category":"3","correct":"1","question":"心を(__)作った歌は何度聴いてもすばらしい。","answer":"きっかけに※こめて※かぎりに※問わず"}]