[{"category":"3","correct":"0","question":"彼は服が汚れのも(__)、子犬を抱きしめ。","answer":"かまわず※かかわらず※かぎって※とわず"},{"category":"3","correct":"2","question":"荷物が届きましたが、それは私が注文したものと(__)。","answer":"ちがかったです※まちがったです※ちがっていました※まちがえていました"},{"category":"3","correct":"1","question":"失敗してもあきらめなうで、もう一度(__)。","answer":"やってみれ※やってごらん※やってなさい※やってなされ"},{"category":"3","correct":"0","question":"毎日練習しているのに、(__)上手になりません。","answer":"ちっとも※少しだけ※めったに※おそらく"},{"category":"3","correct":"0","question":"先輩(__)あんな口きいたら失礼だよ。謝らないと。","answer":"にたいして※にくらべて※にしたら※にとって"},{"category":"3","correct":"2","question":"調子が悪い(__)、働き続けた。","answer":"によって※にそって※にもかかわらず※に基づいて"},{"category":"3","correct":"3","question":"忘れ物をしないように、私はいつも前の日に用意しておく(__)。","answer":"をきっかけです※べきだ※わけにはいかない※ようにしている"},{"category":"3","correct":"3","question":"あ、もう９時だ。早く(__)。","answer":"出かけなかったら※出かけないなら※出かけなくても※出かけないと"},{"category":"3","correct":"0","question":"田中さん、社長は今すぐ部屋に(__)と言っていますよ。","answer":"こい※こよう※きろ※きよう"},{"category":"3","correct":"2","question":"試験に受かったのは、毎日の努力の結果に(__)。","answer":"かかわりない※かぎらない※ほかならない※しかない"},{"category":"3","correct":"0","question":"この新商品は、大阪(__)、全国の都市で販売される予定だ。","answer":"をはじめ※にはじめて※にはじめ※をはじめて"},{"category":"3","correct":"0","question":"今日は遊びにいけません。たくさん宿題がある(__)。","answer":"からです※はずです※つもりです※ところです"},{"category":"3","correct":"2","question":"もう２時を過ぎたか、昼ごはん(__)朝ごはんもまだ食べていない。","answer":"のどころ※のどころか※どころか※ところが"},{"category":"3","correct":"0","question":"彼女の財布を拾った(__)、私たちは結婚した。","answer":"のをきっかけに※のをもとに※からに※からより"},{"category":"3","correct":"2","question":"鈴木さんの妹さんは、美人(__)、かわいい女性です。","answer":"というけれど※といっても※というより※といったら"}]