[{"category":"3","correct":"3","question":"佐藤さんは歌手(__)、歌がうまい。","answer":"くらいに※ほどに※ように※だけに"},{"category":"3","correct":"0","question":"先輩(__)あんな口きいたら失礼だよ。謝らないと。","answer":"にたいして※にくらべて※にしたら※にとって"},{"category":"3","correct":"3","question":"従業員募集中です。年齢、経験、性別の有無(__)募集します。","answer":"をきっかけに※をこめて※をかぎりに※を問わず"},{"category":"3","correct":"0","question":"九州には、高校の修学旅行で(__)行っていない。","answer":"行ったきり※行きっきり※行かないきり※行ってきり"},{"category":"3","correct":"2","question":"もっとうまく日本語が(__)なあ。","answer":"話せない※話そうか※話せたら※話しても"},{"category":"3","correct":"0","question":"夫とは大学のとき(__)、卒業後すぐに結婚した。","answer":"出会って※出会いして※出会いで※出会いにして"},{"category":"3","correct":"0","question":"両親は、息子の書いた絵を毎日飽きる(__)眺めた。","answer":"ことなく※によって※ように※ものだ"},{"category":"3","correct":"0","question":"何かに(__)、仲間にはお世話になっている。","answer":"つけ※しろ※せいで※やら"},{"category":"3","correct":"2","question":"調子が悪い(__)、働き続けた。","answer":"によって※にそって※にもかかわらず※に基づいて"},{"category":"3","correct":"3","question":"私は留学生(__)日本に来ましたが、日本で就職をして出産もしました。","answer":"としても※としては※としたら※として"},{"category":"3","correct":"2","question":"荷物が届きましたが、それは私が注文したものと(__)。","answer":"ちがかったです※まちがったです※ちがっていました※まちがえていました"},{"category":"3","correct":"2","question":"試験に受かったのは、毎日の努力の結果に(__)。","answer":"かかわりない※かぎらない※ほかならない※しかない"},{"category":"3","correct":"1","question":"私の名前は、(__)書きます。","answer":"こんなに※こう※こういう※これを"},{"category":"3","correct":"2","question":"あの選手は周囲の期待に(__)活躍した。","answer":"つけても※つれて※こたえて※すれば"},{"category":"3","correct":"3","question":"佐藤さんは仕事が終わっても、なかなか(__)。","answer":"帰るようにしていない※帰れないつもりだ※帰ってられない※帰ろうとしない"}]