[{"category":"3","correct":"0","question":"今日は遊びにいけません。たくさん宿題がある(__)。","answer":"からです※はずです※つもりです※ところです"},{"category":"3","correct":"2","question":"鈴木さんの妹さんは、美人(__)、かわいい女性です。","answer":"というけれど※といっても※というより※といったら"},{"category":"3","correct":"0","question":"朝、コーヒーを(__)気持ち悪くなってトイレに行った。","answer":"飲んだとたんに※飲んでながら※飲むたびに※飲むところに"},{"category":"3","correct":"0","question":"メキシコで大きな地震があったというニュースが(__)。","answer":"伝えられました※伝わってきました※伝えてきました※伝わられました"},{"category":"3","correct":"3","question":"こんなにたくさんのご飯、いくら僕でも食べ(__)よ。","answer":"ぬけない※おえない※かけない※きれない"},{"category":"3","correct":"2","question":"鈴木さんの妹さんは、美人(__)、かわいい女性です。","answer":"というけれど※といっても※というより※といったら"},{"category":"3","correct":"3","question":"私は留学生(__)日本に来ましたが、日本で就職をして出産もしました。","answer":"としても※としては※としたら※として"},{"category":"3","correct":"0","question":"開発が進む(__)、緑が少なくなった。","answer":"につれて※せいか※とたんに※ばかりか"},{"category":"3","correct":"2","question":"友達の赤ちゃんを預かったのですが、(__)困りました。","answer":"泣けば※泣かせて※泣かれて※泣いてられて"},{"category":"3","correct":"3","question":"この映画は実際にあった話(__)製作された。","answer":"によって※のもとで※をそった※をもとに"},{"category":"3","correct":"0","question":"彼は服が汚れのも(__)、子犬を抱きしめ。","answer":"かまわず※かかわらず※かぎって※とわず"},{"category":"3","correct":"3","question":"佐藤さんは歌手(__)、歌がうまい。","answer":"くらいに※ほどに※ように※だけに"},{"category":"3","correct":"0","question":"何かに(__)、仲間にはお世話になっている。","answer":"つけ※しろ※せいで※やら"},{"category":"3","correct":"3","question":"このドラマは、事実(__)製作された。","answer":"につって※につれて※にある反対※に基づいて"},{"category":"3","correct":"1","question":"豪州では、南へ行けば行く(__)寒くなります。","answer":"くらい※ほど※せいか※からか"}]