[{"category":"3","correct":"3","question":"この財布は色もいい(__)形もよい。","answer":"だ※とか※なく※し"},{"category":"3","correct":"2","question":"娘がケガをしたと聞いて、どんなに心配した(__)。","answer":"んだっけ※まいか※ことか※ものだ"},{"category":"3","correct":"3","question":"佐藤君は運動はできないが、(__)学校で一番だ。","answer":"頭をきっかけに※頭がいいからといって※頭をかぎりに※頭のよさにかけては"},{"category":"3","correct":"1","question":"あんなまずいケーキ、二度と(__)ものか。","answer":"食べ※食べる※食べた※食べて"},{"category":"3","correct":"0","question":"今日は遊びにいけません。たくさん宿題がある(__)。","answer":"からです※はずです※つもりです※ところです"},{"category":"3","correct":"2","question":"試験に受かったのは、毎日の努力の結果に(__)。","answer":"かかわりない※かぎらない※ほかならない※しかない"},{"category":"3","correct":"3","question":"この映画は実際にあった話(__)製作された。","answer":"によって※のもとで※をそった※をもとに"},{"category":"3","correct":"1","question":"失敗してもあきらめなうで、もう一度(__)。","answer":"やってみれ※やってごらん※やってなさい※やってなされ"},{"category":"3","correct":"0","question":"まじめな彼が無断欠勤するなんて、何かあったに(__)。","answer":"違いない※すぎない※はずだ※だろう"},{"category":"3","correct":"1","question":"「よろしくお願いします。」「こちら(__)。」","answer":"とも※こそ※より※から"},{"category":"3","correct":"1","question":"明日は一年に一度のテストだから、(__)。","answer":"休まないわけはない※休むわけにはいかない※休まないわけではない※休むわけではない"},{"category":"3","correct":"3","question":"先生の(__)、英語の勉強が楽しめるようになった。","answer":"せいで※ためで※くせに※おかげ"},{"category":"3","correct":"1","question":"明日の会議、何時から(__)？","answer":"とか※だっけ※っぽい※なあ"},{"category":"3","correct":"2","question":"工事中(__)、通れません。","answer":"について※にさえ※につき※によると"},{"category":"3","correct":"2","question":"鈴木さんの妹さんは、美人(__)、かわいい女性です。","answer":"というけれど※といっても※というより※といったら"}]