[{"category":"3","correct":"1","question":"豪州では、南へ行けば行く(__)寒くなります。","answer":"くらい※ほど※せいか※からか"},{"category":"3","correct":"3","question":"いつも持っているのに、今日(__)携帯電話がない。","answer":"によって※にそって※に反して※に限って"},{"category":"3","correct":"3","question":"状況を話したいが、メールでは説明(__)。","answer":"わけがない※しかない※ほかない※しようがない"},{"category":"3","correct":"1","question":"このレストランの料理は、量が少ないから女性(__)だ。","answer":"ぎみ※むけ※まみれ※むき"},{"category":"3","correct":"2","question":"料理の本に(__)作ったのにマズかった。","answer":"書いてあったどおり※書くをとおして※書いてあるとおりに※書くを通じて"},{"category":"3","correct":"3","question":"最終的にあきらめる(__)、一度はやってみるべきだ。","answer":"にしたら※たび※にこそ※にしろ"},{"category":"3","correct":"1","question":"明日は一年に一度のテストだから、(__)。","answer":"休まないわけはない※休むわけにはいかない※休まないわけではない※休むわけではない"},{"category":"3","correct":"2","question":"この問題(__)終えてしまえば、今日の試験は終わる。","answer":"なんか※でさえ※さえ※なんて"},{"category":"3","correct":"3","question":"そんなに夜遅く、生徒を(__)。","answer":"外出させるわけではない※外出させないわけだ※外出させないべきだ※外出させるべきじゃない"},{"category":"3","correct":"3","question":"駅(__)デパートが建ち並んでいる。","answer":"をめぐって※にあたり※にかんして※を中心に"},{"category":"3","correct":"3","question":"あ、もう９時だ。早く(__)。","answer":"出かけなかったら※出かけないなら※出かけなくても※出かけないと"},{"category":"3","correct":"0","question":"毎日練習しているのに、(__)上手になりません。","answer":"ちっとも※少しだけ※めったに※おそらく"},{"category":"3","correct":"0","question":"１０年間(__)研究を続けた。","answer":"にわたって※にかけて※に中心にして※を問わず"},{"category":"3","correct":"2","question":"フランス語は(__)ですが、発音がダメです。","answer":"話せえない※話せえる※話せないことはない※話せることもない"},{"category":"3","correct":"3","question":"新聞によると、メキシコで大地震があった(__)。","answer":"こと※じゃないことだ※ことだ※ということだ"}]