[{"category":"3","correct":"3","question":"従業員募集中です。年齢、経験、性別の有無(__)募集します。","answer":"をきっかけに※をこめて※をかぎりに※を問わず"},{"category":"3","correct":"3","question":"仕事でいやなことがあると、酒を(__)。","answer":"飲むことはならない※飲まないことではない※飲んでならない※飲まずにはいられない"},{"category":"3","correct":"1","question":"あんなまずいケーキ、二度と(__)ものか。","answer":"食べ※食べる※食べた※食べて"},{"category":"3","correct":"0","question":"彼は服が汚れのも(__)、子犬を抱きしめ。","answer":"かまわず※かかわらず※かぎって※とわず"},{"category":"3","correct":"0","question":"両親は、息子の書いた絵を毎日飽きる(__)眺めた。","answer":"ことなく※によって※ように※ものだ"},{"category":"3","correct":"2","question":"料理の本に(__)作ったのにマズかった。","answer":"書いてあったどおり※書くをとおして※書いてあるとおりに※書くを通じて"},{"category":"3","correct":"0","question":"そこを(__)ばかり、事故にあった。","answer":"通った※通ろう※通って※通り"},{"category":"3","correct":"0","question":"この新商品は、大阪(__)、全国の都市で販売される予定だ。","answer":"をはじめ※にはじめて※にはじめ※をはじめて"},{"category":"3","correct":"3","question":"忘れ物をしないように、私はいつも前の日に用意しておく(__)。","answer":"をきっかけです※べきだ※わけにはいかない※ようにしている"},{"category":"3","correct":"0","question":"(__)、このハガキを出してきてね。","answer":"散歩のついでに※散歩の最中に※散歩のままで※散歩しているなか"},{"category":"3","correct":"0","question":"メキシコで大きな地震があったというニュースが(__)。","answer":"伝えられました※伝わってきました※伝えてきました※伝わられました"},{"category":"3","correct":"2","question":"もう２時を過ぎたか、昼ごはん(__)朝ごはんもまだ食べていない。","answer":"のどころ※のどころか※どころか※ところが"},{"category":"3","correct":"2","question":"あの選手は周囲の期待に(__)活躍した。","answer":"つけても※つれて※こたえて※すれば"},{"category":"3","correct":"3","question":"佐藤さんは歌手(__)、歌がうまい。","answer":"くらいに※ほどに※ように※だけに"},{"category":"3","correct":"1","question":"ゴミを減らすことを目的(__)運動がさかんに行われている。","answer":"にそった※とした※による※を問わず"}]