[{"category":"3","correct":"3","question":"このドラマは、事実(__)製作された。","answer":"につって※につれて※にある反対※に基づいて"},{"category":"3","correct":"1","question":"明日は一年に一度のテストだから、(__)。","answer":"休まないわけはない※休むわけにはいかない※休まないわけではない※休むわけではない"},{"category":"3","correct":"3","question":"忘れ物をしないように、私はいつも前の日に用意しておく(__)。","answer":"をきっかけです※べきだ※わけにはいかない※ようにしている"},{"category":"3","correct":"3","question":"旅行する(__),注意すべきことななんでしょう。","answer":"にとって※にしても※にわたり※にあたって"},{"category":"3","correct":"2","question":"今日のニュース(__)、来年の夏はいつものより寒いそうです。","answer":"について※によって※によると※にとって"},{"category":"3","correct":"3","question":"佐藤君は運動はできないが、(__)学校で一番だ。","answer":"頭をきっかけに※頭がいいからといって※頭をかぎりに※頭のよさにかけては"},{"category":"3","correct":"2","question":"もう２時を過ぎたか、昼ごはん(__)朝ごはんもまだ食べていない。","answer":"のどころ※のどころか※どころか※ところが"},{"category":"3","correct":"0","question":"九州には、高校の修学旅行で(__)行っていない。","answer":"行ったきり※行きっきり※行かないきり※行ってきり"},{"category":"3","correct":"3","question":"従業員募集中です。年齢、経験、性別の有無(__)募集します。","answer":"をきっかけに※をこめて※をかぎりに※を問わず"},{"category":"3","correct":"3","question":"佐藤さんは歌手(__)、歌がうまい。","answer":"くらいに※ほどに※ように※だけに"},{"category":"3","correct":"3","question":"3年生は全生徒、この科目を取る(__)。","answer":"というけれど※ことらしい※ことのようだ※ことになっている"},{"category":"3","correct":"2","question":"君の言っていることは、言い訳(__)。","answer":"しかない※ということだ※にすぎない※にかぎる"},{"category":"3","correct":"2","question":"もっとうまく日本語が(__)なあ。","answer":"話せない※話そうか※話せたら※話しても"},{"category":"3","correct":"0","question":"両親は、息子の書いた絵を毎日飽きる(__)眺めた。","answer":"ことなく※によって※ように※ものだ"},{"category":"3","correct":"3","question":"私が難関校を受験しても落ちる(__)。","answer":"ことがちがいない※ようにきまっている※にちがわない※にきまっている"}]