[{"category":"3","correct":"3","question":"この映画は実際にあった話(__)製作された。","answer":"によって※のもとで※をそった※をもとに"},{"category":"3","correct":"0","question":"有名な人の作品(__)、売れるとはかぎらない。","answer":"だからといって※のことだから※をかぎりに※だけあって"},{"category":"3","correct":"2","question":"こんな難解な問題、でき(__)。","answer":"ないっぽい※ものか※っこない※わけがない"},{"category":"3","correct":"3","question":"3年生は全生徒、この科目を取る(__)。","answer":"というけれど※ことらしい※ことのようだ※ことになっている"},{"category":"3","correct":"0","question":"まじめな彼が無断欠勤するなんて、何かあったに(__)。","answer":"違いない※すぎない※はずだ※だろう"},{"category":"3","correct":"1","question":"明日の会議、何時から(__)？","answer":"とか※だっけ※っぽい※なあ"},{"category":"3","correct":"1","question":"この料亭、有名な店(__)、まずいですね。","answer":"によっても※にしては※にしても※にとっては"},{"category":"3","correct":"0","question":"今日は遊びにいけません。たくさん宿題がある(__)。","answer":"からです※はずです※つもりです※ところです"},{"category":"3","correct":"1","question":"大学をやめました。(__)、父が亡くなって働かなければならないので。。。","answer":"というと※というのは※というならば※ということは"},{"category":"3","correct":"0","question":"夫とは大学のとき(__)、卒業後すぐに結婚した。","answer":"出会って※出会いして※出会いで※出会いにして"},{"category":"3","correct":"0","question":"朝、コーヒーを(__)気持ち悪くなってトイレに行った。","answer":"飲んだとたんに※飲んでながら※飲むたびに※飲むところに"},{"category":"3","correct":"3","question":"旅行する(__),注意すべきことななんでしょう。","answer":"にとって※にしても※にわたり※にあたって"},{"category":"3","correct":"2","question":"もう２時を過ぎたか、昼ごはん(__)朝ごはんもまだ食べていない。","answer":"のどころ※のどころか※どころか※ところが"},{"category":"3","correct":"3","question":"この財布は色もいい(__)形もよい。","answer":"だ※とか※なく※し"},{"category":"3","correct":"2","question":"テレビ番組での大臣の発言(__)、国民から批判のメールが多くあった。","answer":"にあたって※をとわず※をめぐって※にも関わらず"}]