[{"category":"3","correct":"0","question":"有名な人の作品(__)、売れるとはかぎらない。","answer":"だからといって※のことだから※をかぎりに※だけあって"},{"category":"3","correct":"3","question":"私が難関校を受験しても落ちる(__)。","answer":"ことがちがいない※ようにきまっている※にちがわない※にきまっている"},{"category":"3","correct":"0","question":"何かに(__)、仲間にはお世話になっている。","answer":"つけ※しろ※せいで※やら"},{"category":"3","correct":"3","question":"このドラマは、事実(__)製作された。","answer":"につって※につれて※にある反対※に基づいて"},{"category":"3","correct":"2","question":"この問題(__)終えてしまえば、今日の試験は終わる。","answer":"なんか※でさえ※さえ※なんて"},{"category":"3","correct":"0","question":"開発が進む(__)、緑が少なくなった。","answer":"につれて※せいか※とたんに※ばかりか"},{"category":"3","correct":"1","question":"豪州では、南へ行けば行く(__)寒くなります。","answer":"くらい※ほど※せいか※からか"},{"category":"3","correct":"0","question":"このサプリメントは(__)からでないと、飲んではいけません。","answer":"食事をして※食事をしない※食事をする※食事をした"},{"category":"3","correct":"1","question":"明日の会議、何時から(__)？","answer":"とか※だっけ※っぽい※なあ"},{"category":"3","correct":"3","question":"佐藤君は運動はできないが、(__)学校で一番だ。","answer":"頭をきっかけに※頭がいいからといって※頭をかぎりに※頭のよさにかけては"},{"category":"3","correct":"1","question":"失敗してもあきらめなうで、もう一度(__)。","answer":"やってみれ※やってごらん※やってなさい※やってなされ"},{"category":"3","correct":"2","question":"こんな難解な問題、でき(__)。","answer":"ないっぽい※ものか※っこない※わけがない"},{"category":"3","correct":"2","question":"すみません。バスが遅れた(__)、遅刻しました。","answer":"ことですから※んですから※ものですから※わけですから"},{"category":"3","correct":"3","question":"旅行する(__),注意すべきことななんでしょう。","answer":"にとって※にしても※にわたり※にあたって"},{"category":"3","correct":"0","question":"メキシコで大きな地震があったというニュースが(__)。","answer":"伝えられました※伝わってきました※伝えてきました※伝わられました"}]