[{"category":"3","correct":"3","question":"あの人は、漢字(__)、ひらがなも書けない。","answer":"というけれど※といっても※だけで※ばかりか"},{"category":"3","correct":"3","question":"環境(__)諸問題について考えよう。","answer":"にわたる※にかける※にあたる※における"},{"category":"3","correct":"2","question":"鈴木さんの妹さんは、美人(__)、かわいい女性です。","answer":"というけれど※といっても※というより※といったら"},{"category":"3","correct":"0","question":"毎日練習しているのに、(__)上手になりません。","answer":"ちっとも※少しだけ※めったに※おそらく"},{"category":"3","correct":"1","question":"失敗してもあきらめなうで、もう一度(__)。","answer":"やってみれ※やってごらん※やってなさい※やってなされ"},{"category":"3","correct":"0","question":"朝、コーヒーを(__)気持ち悪くなってトイレに行った。","answer":"飲んだとたんに※飲んでながら※飲むたびに※飲むところに"},{"category":"3","correct":"3","question":"そのＤＶＤなら貸してあげるから、(__)ことはないよ。","answer":"買わない※買えない※買った※買う"},{"category":"3","correct":"1","question":"もし休暇が(__)、海外旅行には行かずウチでのんびりしたいです。","answer":"取れたにしたら※取れたとしても※取れたにすれば※取れたとしたら"},{"category":"3","correct":"1","question":"明日の会議、何時から(__)？","answer":"とか※だっけ※っぽい※なあ"},{"category":"3","correct":"0","question":"この新商品は、大阪(__)、全国の都市で販売される予定だ。","answer":"をはじめ※にはじめて※にはじめ※をはじめて"},{"category":"3","correct":"3","question":"忘れ物をしないように、私はいつも前の日に用意しておく(__)。","answer":"をきっかけです※べきだ※わけにはいかない※ようにしている"},{"category":"3","correct":"0","question":"田中さん、社長は今すぐ部屋に(__)と言っていますよ。","answer":"こい※こよう※きろ※きよう"},{"category":"3","correct":"3","question":"いつも持っているのに、今日(__)携帯電話がない。","answer":"によって※にそって※に反して※に限って"},{"category":"3","correct":"2","question":"君の言っていることは、言い訳(__)。","answer":"しかない※ということだ※にすぎない※にかぎる"},{"category":"3","correct":"3","question":"このドラマは、事実(__)製作された。","answer":"につって※につれて※にある反対※に基づいて"}]