[{"category":"3","correct":"2","question":"試験に受かったのは、毎日の努力の結果に(__)。","answer":"かかわりない※かぎらない※ほかならない※しかない"},{"category":"3","correct":"1","question":"もし休暇が(__)、海外旅行には行かずウチでのんびりしたいです。","answer":"取れたにしたら※取れたとしても※取れたにすれば※取れたとしたら"},{"category":"3","correct":"2","question":"今日のニュース(__)、来年の夏はいつものより寒いそうです。","answer":"について※によって※によると※にとって"},{"category":"3","correct":"0","question":"安い材料で上手に料理すること(__)、彼女に勝てる人はいない。","answer":"にかけては※にこめては※にかぎりに※に問わず"},{"category":"3","correct":"1","question":"この料亭、有名な店(__)、まずいですね。","answer":"によっても※にしては※にしても※にとっては"},{"category":"3","correct":"3","question":"熱(__)なので、今夜は早くねるつもりだ。","answer":"がち※め※げ※ぎみ"},{"category":"3","correct":"2","question":"料理の本に(__)作ったのにマズかった。","answer":"書いてあったどおり※書くをとおして※書いてあるとおりに※書くを通じて"},{"category":"3","correct":"0","question":"１０年間(__)研究を続けた。","answer":"にわたって※にかけて※に中心にして※を問わず"},{"category":"3","correct":"0","question":"有名な人の作品(__)、売れるとはかぎらない。","answer":"だからといって※のことだから※をかぎりに※だけあって"},{"category":"3","correct":"0","question":"たばこの煙は、吸わない人(__)大迷惑だ。","answer":"にしたら※に際し※にしても※でさえ"},{"category":"3","correct":"2","question":"この道(__)行くと、駅に着きます。","answer":"にわたって※にかわって※にそって※にあたって"},{"category":"3","correct":"0","question":"彼女の財布を拾った(__)、私たちは結婚した。","answer":"のをきっかけに※のをもとに※からに※からより"},{"category":"3","correct":"2","question":"鈴木さんの妹さんは、美人(__)、かわいい女性です。","answer":"というけれど※といっても※というより※といったら"},{"category":"3","correct":"2","question":"調子が悪い(__)、働き続けた。","answer":"によって※にそって※にもかかわらず※に基づいて"},{"category":"3","correct":"2","question":"すみません。バスが遅れた(__)、遅刻しました。","answer":"ことですから※んですから※ものですから※わけですから"}]