[{"category":"3","correct":"0","question":"結婚式に出席(__)ものならしたいが、どうしても都合が合わない。","answer":"できる※した※する※しよう"},{"category":"3","correct":"2","question":"危なかった。もうすこしで事故になる(__)。","answer":"らしかった※そうだった※ところだった※途中だった"},{"category":"3","correct":"0","question":"田中さん、社長は今すぐ部屋に(__)と言っていますよ。","answer":"こい※こよう※きろ※きよう"},{"category":"3","correct":"2","question":"すみません。バスが遅れた(__)、遅刻しました。","answer":"ことですから※んですから※ものですから※わけですから"},{"category":"3","correct":"0","question":"あのクラスは、一番難しいクラス(__)やさしい。","answer":"のわりには※に応じて※くせに※だけあって"},{"category":"3","correct":"3","question":"この財布は色もいい(__)形もよい。","answer":"だ※とか※なく※し"},{"category":"3","correct":"1","question":"蚊に刺されたところが、(__)。","answer":"かゆいしかならない※かゆくてたまらない※かゆいだけではならない※かゆくしてない"},{"category":"3","correct":"3","question":"環境(__)諸問題について考えよう。","answer":"にわたる※にかける※にあたる※における"},{"category":"3","correct":"2","question":"友達の赤ちゃんを預かったのですが、(__)困りました。","answer":"泣けば※泣かせて※泣かれて※泣いてられて"},{"category":"3","correct":"1","question":"このレストランの料理は、量が少ないから女性(__)だ。","answer":"ぎみ※むけ※まみれ※むき"},{"category":"3","correct":"2","question":"調子が悪い(__)、働き続けた。","answer":"によって※にそって※にもかかわらず※に基づいて"},{"category":"3","correct":"3","question":"従業員募集中です。年齢、経験、性別の有無(__)募集します。","answer":"をきっかけに※をこめて※をかぎりに※を問わず"},{"category":"3","correct":"0","question":"この新商品は、大阪(__)、全国の都市で販売される予定だ。","answer":"をはじめ※にはじめて※にはじめ※をはじめて"},{"category":"3","correct":"2","question":"鈴木さんの妹さんは、美人(__)、かわいい女性です。","answer":"というけれど※といっても※というより※といったら"},{"category":"3","correct":"2","question":"もっとうまく日本語が(__)なあ。","answer":"話せない※話そうか※話せたら※話しても"}]