[{"category":"3","correct":"0","question":"この新商品は、大阪(__)、全国の都市で販売される予定だ。","answer":"をはじめ※にはじめて※にはじめ※をはじめて"},{"category":"3","correct":"3","question":"あさって、休んでもいいですよ。(__)、明日は絶対に来てください。","answer":"それにかんして※それにくわえて※それにたいして※そのかわりに"},{"category":"3","correct":"3","question":"こんなにたくさんのご飯、いくら僕でも食べ(__)よ。","answer":"ぬけない※おえない※かけない※きれない"},{"category":"3","correct":"2","question":"料理の本に(__)作ったのにマズかった。","answer":"書いてあったどおり※書くをとおして※書いてあるとおりに※書くを通じて"},{"category":"3","correct":"3","question":"あ、もう９時だ。早く(__)。","answer":"出かけなかったら※出かけないなら※出かけなくても※出かけないと"},{"category":"3","correct":"3","question":"環境(__)諸問題について考えよう。","answer":"にわたる※にかける※にあたる※における"},{"category":"3","correct":"2","question":"先生に読めと言われた論文は、(__)ものの、まだ読んでいない。","answer":"借りない※借りる※借りた※借りよう"},{"category":"3","correct":"1","question":"明日の会議、何時から(__)？","answer":"とか※だっけ※っぽい※なあ"},{"category":"3","correct":"2","question":"テレビ番組での大臣の発言(__)、国民から批判のメールが多くあった。","answer":"にあたって※をとわず※をめぐって※にも関わらず"},{"category":"3","correct":"2","question":"荷物が届きましたが、それは私が注文したものと(__)。","answer":"ちがかったです※まちがったです※ちがっていました※まちがえていました"},{"category":"3","correct":"2","question":"調子が悪い(__)、働き続けた。","answer":"によって※にそって※にもかかわらず※に基づいて"},{"category":"3","correct":"2","question":"鈴木さんの妹さんは、美人(__)、かわいい女性です。","answer":"というけれど※といっても※というより※といったら"},{"category":"3","correct":"3","question":"旅行する(__),注意すべきことななんでしょう。","answer":"にとって※にしても※にわたり※にあたって"},{"category":"3","correct":"0","question":"結婚式に出席(__)ものならしたいが、どうしても都合が合わない。","answer":"できる※した※する※しよう"},{"category":"3","correct":"0","question":"何かに(__)、仲間にはお世話になっている。","answer":"つけ※しろ※せいで※やら"}]