[{"category":"3","correct":"2","question":"経済評論家の予測(__)景気は悪くなった。","answer":"によって※にそって※に反して※に基づいて"},{"category":"3","correct":"2","question":"すみません。バスが遅れた(__)、遅刻しました。","answer":"ことですから※んですから※ものですから※わけですから"},{"category":"3","correct":"0","question":"まじめな彼が無断欠勤するなんて、何かあったに(__)。","answer":"違いない※すぎない※はずだ※だろう"},{"category":"3","correct":"2","question":"試験に受かったのは、毎日の努力の結果に(__)。","answer":"かかわりない※かぎらない※ほかならない※しかない"},{"category":"3","correct":"3","question":"環境(__)諸問題について考えよう。","answer":"にわたる※にかける※にあたる※における"},{"category":"3","correct":"2","question":"この道(__)行くと、駅に着きます。","answer":"にわたって※にかわって※にそって※にあたって"},{"category":"3","correct":"1","question":"この料亭、有名な店(__)、まずいですね。","answer":"によっても※にしては※にしても※にとっては"},{"category":"3","correct":"2","question":"調子が悪い(__)、働き続けた。","answer":"によって※にそって※にもかかわらず※に基づいて"},{"category":"3","correct":"1","question":"日曜日は、家でＤＶＤを(__)過ごします。","answer":"見ようとして※見たりして※見るために※見るままで"},{"category":"3","correct":"0","question":"そこを(__)ばかり、事故にあった。","answer":"通った※通ろう※通って※通り"},{"category":"3","correct":"3","question":"あさって、休んでもいいですよ。(__)、明日は絶対に来てください。","answer":"それにかんして※それにくわえて※それにたいして※そのかわりに"},{"category":"3","correct":"0","question":"朝、コーヒーを(__)気持ち悪くなってトイレに行った。","answer":"飲んだとたんに※飲んでながら※飲むたびに※飲むところに"},{"category":"3","correct":"0","question":"彼は服が汚れのも(__)、子犬を抱きしめ。","answer":"かまわず※かかわらず※かぎって※とわず"},{"category":"3","correct":"0","question":"先輩(__)あんな口きいたら失礼だよ。謝らないと。","answer":"にたいして※にくらべて※にしたら※にとって"},{"category":"3","correct":"2","question":"あの選手は周囲の期待に(__)活躍した。","answer":"つけても※つれて※こたえて※すれば"}]