[{"category":"3","correct":"3","question":"うれしい(__)、希望の大学に受かった。","answer":"というと※ことだから※ことは※ことに"},{"category":"3","correct":"3","question":"この財布は色もいい(__)形もよい。","answer":"だ※とか※なく※し"},{"category":"3","correct":"0","question":"親切な彼の(__)、引き受けてくれると思う。","answer":"ことだから※ことまいか※ことには※ことなんだ"},{"category":"3","correct":"0","question":"彼女の財布を拾った(__)、私たちは結婚した。","answer":"のをきっかけに※のをもとに※からに※からより"},{"category":"3","correct":"1","question":"失敗してもあきらめなうで、もう一度(__)。","answer":"やってみれ※やってごらん※やってなさい※やってなされ"},{"category":"3","correct":"1","question":"「よろしくお願いします。」「こちら(__)。」","answer":"とも※こそ※より※から"},{"category":"3","correct":"3","question":"従業員募集中です。年齢、経験、性別の有無(__)募集します。","answer":"をきっかけに※をこめて※をかぎりに※を問わず"},{"category":"3","correct":"3","question":"熱(__)なので、今夜は早くねるつもりだ。","answer":"がち※め※げ※ぎみ"},{"category":"3","correct":"0","question":"九州には、高校の修学旅行で(__)行っていない。","answer":"行ったきり※行きっきり※行かないきり※行ってきり"},{"category":"3","correct":"3","question":"この映画は実際にあった話(__)製作された。","answer":"によって※のもとで※をそった※をもとに"},{"category":"3","correct":"2","question":"経済評論家の予測(__)景気は悪くなった。","answer":"によって※にそって※に反して※に基づいて"},{"category":"3","correct":"3","question":"新聞によると、メキシコで大地震があった(__)。","answer":"こと※じゃないことだ※ことだ※ということだ"},{"category":"3","correct":"2","question":"荷物が届きましたが、それは私が注文したものと(__)。","answer":"ちがかったです※まちがったです※ちがっていました※まちがえていました"},{"category":"3","correct":"1","question":"あんなまずいケーキ、二度と(__)ものか。","answer":"食べ※食べる※食べた※食べて"},{"category":"3","correct":"1","question":"このレストランの料理は、量が少ないから女性(__)だ。","answer":"ぎみ※むけ※まみれ※むき"}]