[{"category":"3","correct":"1","question":"あんなまずいケーキ、二度と(__)ものか。","answer":"食べ※食べる※食べた※食べて"},{"category":"3","correct":"0","question":"彼女の財布を拾った(__)、私たちは結婚した。","answer":"のをきっかけに※のをもとに※からに※からより"},{"category":"3","correct":"2","question":"調子が悪い(__)、働き続けた。","answer":"によって※にそって※にもかかわらず※に基づいて"},{"category":"3","correct":"0","question":"彼は服が汚れのも(__)、子犬を抱きしめ。","answer":"かまわず※かかわらず※かぎって※とわず"},{"category":"3","correct":"2","question":"経済評論家の予測(__)景気は悪くなった。","answer":"によって※にそって※に反して※に基づいて"},{"category":"3","correct":"1","question":"明日は一年に一度のテストだから、(__)。","answer":"休まないわけはない※休むわけにはいかない※休まないわけではない※休むわけではない"},{"category":"3","correct":"0","question":"(__)、このハガキを出してきてね。","answer":"散歩のついでに※散歩の最中に※散歩のままで※散歩しているなか"},{"category":"3","correct":"3","question":"私は留学生(__)日本に来ましたが、日本で就職をして出産もしました。","answer":"としても※としては※としたら※として"},{"category":"3","correct":"3","question":"そのＤＶＤなら貸してあげるから、(__)ことはないよ。","answer":"買わない※買えない※買った※買う"},{"category":"3","correct":"2","question":"料理の本に(__)作ったのにマズかった。","answer":"書いてあったどおり※書くをとおして※書いてあるとおりに※書くを通じて"},{"category":"3","correct":"3","question":"忘れ物をしないように、私はいつも前の日に用意しておく(__)。","answer":"をきっかけです※べきだ※わけにはいかない※ようにしている"},{"category":"3","correct":"3","question":"そんなに夜遅く、生徒を(__)。","answer":"外出させるわけではない※外出させないわけだ※外出させないべきだ※外出させるべきじゃない"},{"category":"3","correct":"3","question":"この携帯電話は修理してもダメなのだから、捨てるより(__)。","answer":"だけない※しかない※こそない※ほかない"},{"category":"3","correct":"2","question":"気に入った鞄があったけど、残念ながら買えなかったんだ。(__)。","answer":"高すぎただけ※高すぎたとか※高すぎたんだもん※高すぎたんだって"},{"category":"3","correct":"0","question":"両親は、息子の書いた絵を毎日飽きる(__)眺めた。","answer":"ことなく※によって※ように※ものだ"}]