[{"category":"3","correct":"3","question":"そんなに夜遅く、生徒を(__)。","answer":"外出させるわけではない※外出させないわけだ※外出させないべきだ※外出させるべきじゃない"},{"category":"3","correct":"3","question":"この映画は実際にあった話(__)製作された。","answer":"によって※のもとで※をそった※をもとに"},{"category":"3","correct":"2","question":"娘がケガをしたと聞いて、どんなに心配した(__)。","answer":"んだっけ※まいか※ことか※ものだ"},{"category":"3","correct":"1","question":"ゴミを減らすことを目的(__)運動がさかんに行われている。","answer":"にそった※とした※による※を問わず"},{"category":"3","correct":"0","question":"先輩(__)あんな口きいたら失礼だよ。謝らないと。","answer":"にたいして※にくらべて※にしたら※にとって"},{"category":"3","correct":"3","question":"あの人は、漢字(__)、ひらがなも書けない。","answer":"というけれど※といっても※だけで※ばかりか"},{"category":"3","correct":"2","question":"荷物が届きましたが、それは私が注文したものと(__)。","answer":"ちがかったです※まちがったです※ちがっていました※まちがえていました"},{"category":"3","correct":"3","question":"状況を話したいが、メールでは説明(__)。","answer":"わけがない※しかない※ほかない※しようがない"},{"category":"3","correct":"1","question":"このレストランの料理は、量が少ないから女性(__)だ。","answer":"ぎみ※むけ※まみれ※むき"},{"category":"3","correct":"2","question":"この問題(__)終えてしまえば、今日の試験は終わる。","answer":"なんか※でさえ※さえ※なんて"},{"category":"3","correct":"0","question":"メキシコで大きな地震があったというニュースが(__)。","answer":"伝えられました※伝わってきました※伝えてきました※伝わられました"},{"category":"3","correct":"0","question":"毎日練習しているのに、(__)上手になりません。","answer":"ちっとも※少しだけ※めったに※おそらく"},{"category":"3","correct":"2","question":"こんな難解な問題、でき(__)。","answer":"ないっぽい※ものか※っこない※わけがない"},{"category":"3","correct":"1","question":"心を(__)作った歌は何度聴いてもすばらしい。","answer":"きっかけに※こめて※かぎりに※問わず"},{"category":"3","correct":"1","question":"「よろしくお願いします。」「こちら(__)。」","answer":"とも※こそ※より※から"}]