[{"category":"13","correct":"1","question":"当たり前","answer":"さたりまえ※あたりまえ※とありまえ※かたりまえ"},{"category":"13","correct":"1","question":"争う","answer":"よそおう※あらそう※そんう※かよう"},{"category":"13","correct":"2","question":"空く","answer":"すく※そらく※あく※とく"},{"category":"13","correct":"1","question":"掻く","answer":"がく※かく※まく※まねく"},{"category":"13","correct":"3","question":"怒り","answer":"いがり※どなり※おごり※いかり"},{"category":"13","correct":"1","question":"お孫さん","answer":"おこさん※おまごさん※おじいさん※おじさん"},{"category":"13","correct":"1","question":"医療費","answer":"ちりょうひ※いりょうひ※いむひ※しゅじゅつひ"},{"category":"13","correct":"0","question":"課題","answer":"かだい※ぎだい※かもく※けいだい"},{"category":"13","correct":"0","question":"祈る","answer":"いのる※おる※きる※まもる"},{"category":"13","correct":"3","question":"飾り","answer":"かさり※しきり※まつり※かざり"},{"category":"13","correct":"0","question":"描く","answer":"えがく※まねく※ひっかく※ねこく"},{"category":"13","correct":"3","question":"映る","answer":"まつる※みる※はえる※うつる"},{"category":"13","correct":"2","question":"医師","answer":"いす※いと※いし※かくし"},{"category":"13","correct":"0","question":"苛める","answer":"いじめる※いためる※こめる※うめる"},{"category":"13","correct":"0","question":"与える","answer":"あたえる※あええる※あがえる※あまえる"}]