[{"category":"13","correct":"2","question":"意地悪","answer":"いしわる※いちわる※いじわる※いとわる"},{"category":"13","correct":"3","question":"以前","answer":"いまえ※いそと※いがい※いぜん"},{"category":"13","correct":"0","question":"麻","answer":"あさ※あみ※ぬの※きぬ"},{"category":"13","correct":"3","question":"学歴","answer":"けいれき※りれき※しゅれき※がくれき"},{"category":"13","correct":"0","question":"家具","answer":"かぐ※いえぐ※けぐ※しゃぐ"},{"category":"13","correct":"0","question":"歌劇","answer":"かげき※うたげき※けげき※しゃげき"},{"category":"13","correct":"1","question":"飼う","answer":"つかう※かう※とう※しょくう"},{"category":"13","correct":"0","question":"会社員","answer":"かいしゃいん※こうむいん※えきいん※きょういん"},{"category":"13","correct":"1","question":"医療費","answer":"ちりょうひ※いりょうひ※いむひ※しゅじゅつひ"},{"category":"13","correct":"2","question":"医師","answer":"いす※いと※いし※かくし"},{"category":"13","correct":"0","question":"祈る","answer":"いのる※おる※きる※まもる"},{"category":"13","correct":"2","question":"折る","answer":"まげる※いのる※おる※やぶる"},{"category":"13","correct":"3","question":"囲む","answer":"まこむ※こむ※かもむ※かこむ"},{"category":"13","correct":"3","question":"襟","answer":"すそ※そで※たけ※えり"},{"category":"13","correct":"0","question":"穴","answer":"あな※はち※つち※どろ"}]