[{"category":"13","correct":"3","question":"宛名","answer":"そてな※こてな※そよてな※あてな"},{"category":"13","correct":"2","question":"医師","answer":"いす※いと※いし※かくし"},{"category":"13","correct":"2","question":"型","answer":"つち※たい※かた※たま"},{"category":"13","correct":"0","question":"演奏","answer":"えんそう※えんかい※えんげき※えんか"},{"category":"13","correct":"3","question":"怒り","answer":"いがり※どなり※おごり※いかり"},{"category":"13","correct":"1","question":"一生","answer":"いちうまれ※いっしょう※いちしょう※ひとしょう"},{"category":"13","correct":"3","question":"栄養","answer":"えいきょう※えいこう※えいやん※えいよう"},{"category":"13","correct":"1","question":"化学","answer":"がかく※かがく※ががく※がかく"},{"category":"13","correct":"3","question":"解釈","answer":"かいどく※かいけつ※かいにん※かいしゃく"},{"category":"13","correct":"0","question":"固い","answer":"かたい※やわらかい※しかくい※まるい"},{"category":"13","correct":"3","question":"浅い","answer":"ふかい※ぬごい※ださい※あさい"},{"category":"13","correct":"1","question":"飽きる","answer":"ときる※あきる※ほきる※おきる"},{"category":"13","correct":"2","question":"預かる","answer":"あすかる※あげかる※あずかる※よかる"},{"category":"13","correct":"0","question":"集まり","answer":"あつまり※かまり※こまり※しゅうまり"},{"category":"13","correct":"3","question":"懐中電灯","answer":"かいちゅうでんきゅう※はっきゅうでんきゅう※すいぎんとう※かいちゅうでんとう"}]