[{"category":"13","correct":"2","question":"型","answer":"つち※たい※かた※たま"},{"category":"13","correct":"1","question":"印象","answer":"はんしょう※いんしょう※いちしょう※ひとしょう"},{"category":"13","correct":"3","question":"回数券","answer":"ていきけん※じょうしゃけん※にゅうじょうけん※かいすうけん"},{"category":"13","correct":"3","question":"浅い","answer":"ふかい※ぬごい※ださい※あさい"},{"category":"13","correct":"0","question":"お辞儀","answer":"おせじ※おぎょうぎ※おまじ※おじぎ"},{"category":"13","correct":"1","question":"当たり前","answer":"さたりまえ※あたりまえ※とありまえ※かたりまえ"},{"category":"13","correct":"3","question":"傷める","answer":"きずめる※けがめる※ころめる※いためる"},{"category":"13","correct":"0","question":"演奏","answer":"えんそう※えんかい※えんげき※えんか"},{"category":"13","correct":"0","question":"合う","answer":"あう※ふくむ※ごうう※そう"},{"category":"13","correct":"0","question":"産む","answer":"うむ※すむ※くむ※こむ"},{"category":"13","correct":"2","question":"意外","answer":"あんがい※いそと※いがい※あんそと"},{"category":"13","correct":"1","question":"掻く","answer":"がく※かく※まく※まねく"},{"category":"13","correct":"1","question":"数える","answer":"すうえる※かぞえる※かずえる※かそえる"},{"category":"13","correct":"0","question":"応援","answer":"おうえん※こうえん※ぼうえん※こたえん"},{"category":"13","correct":"3","question":"一体","answer":"いちたい※いってい※いちしょう※いったい"}]