[{"category":"13","correct":"2","question":"明日","answer":"きのう※あさって※あす※きょう"},{"category":"13","correct":"2","question":"上着","answer":"したぎ※うちい※うわぎ※すいい"},{"category":"13","correct":"0","question":"集まり","answer":"あつまり※かまり※こまり※しゅうまり"},{"category":"13","correct":"2","question":"踵","answer":"ひじ※つまさき※かかと※こう"},{"category":"13","correct":"3","question":"回数券","answer":"ていきけん※じょうしゃけん※にゅうじょうけん※かいすうけん"},{"category":"13","correct":"1","question":"書留","answer":"ふくとめ※かきとめ※かきりゅう※しょるい"},{"category":"13","correct":"1","question":"飼う","answer":"つかう※かう※とう※しょくう"},{"category":"13","correct":"3","question":"一体","answer":"いちたい※いってい※いちしょう※いったい"},{"category":"13","correct":"3","question":"埋まる","answer":"つまる※ひまる※こまる※うまる"},{"category":"13","correct":"0","question":"苛める","answer":"いじめる※いためる※こめる※うめる"},{"category":"13","correct":"0","question":"穴","answer":"あな※はち※つち※どろ"},{"category":"13","correct":"2","question":"空く","answer":"すく※そらく※あく※とく"},{"category":"13","correct":"3","question":"浅い","answer":"ふかい※ぬごい※ださい※あさい"},{"category":"13","correct":"2","question":"大人しい","answer":"おさなしい※やさしい※おとなしい※さみしい"},{"category":"13","correct":"1","question":"羨ましい","answer":"めざましい※うらやましい※かしこましい※あざましい"}]