[{"category":"13","correct":"1","question":"お孫さん","answer":"おこさん※おまごさん※おじいさん※おじさん"},{"category":"13","correct":"1","question":"掻く","answer":"がく※かく※まく※まねく"},{"category":"13","correct":"2","question":"明日","answer":"きのう※あさって※あす※きょう"},{"category":"13","correct":"1","question":"飼う","answer":"つかう※かう※とう※しょくう"},{"category":"13","correct":"0","question":"足首","answer":"あしくび※てくび※ちくび※そくくび"},{"category":"13","correct":"1","question":"顎","answer":"まゆ※あご※かお※ほほ"},{"category":"13","correct":"2","question":"上着","answer":"したぎ※うちい※うわぎ※すいい"},{"category":"13","correct":"2","question":"折る","answer":"まげる※いのる※おる※やぶる"},{"category":"13","correct":"3","question":"映る","answer":"まつる※みる※はえる※うつる"},{"category":"13","correct":"2","question":"辺り","answer":"あまり※へんり※あたり※まわり"},{"category":"13","correct":"0","question":"お辞儀","answer":"おせじ※おぎょうぎ※おまじ※おじぎ"},{"category":"13","correct":"3","question":"飾り","answer":"かさり※しきり※まつり※かざり"},{"category":"13","correct":"1","question":"奢る","answer":"だべる※おごる※おこる※しぼる"},{"category":"13","correct":"3","question":"学歴","answer":"けいれき※りれき※しゅれき※がくれき"},{"category":"13","correct":"1","question":"以後","answer":"いほう※いご※いがい※にご"}]