[{"category":"13","correct":"1","question":"以後","answer":"いほう※いご※いがい※にご"},{"category":"13","correct":"2","question":"明日","answer":"きのう※あさって※あす※きょう"},{"category":"13","correct":"0","question":"演奏","answer":"えんそう※えんかい※えんげき※えんか"},{"category":"13","correct":"2","question":"画家","answer":"かか※かくか※がか※かっけ"},{"category":"13","correct":"3","question":"学歴","answer":"けいれき※りれき※しゅれき※がくれき"},{"category":"13","correct":"3","question":"遊び","answer":"ようび※ゆうび※および※あそび"},{"category":"13","correct":"1","question":"お孫さん","answer":"おこさん※おまごさん※おじいさん※おじさん"},{"category":"13","correct":"3","question":"各駅停車","answer":"けっえきていしゃ※こうえきていしゃ※かくかくていしゃ※かくえきていしゃ"},{"category":"13","correct":"1","question":"一生","answer":"いちうまれ※いっしょう※いちしょう※ひとしょう"},{"category":"13","correct":"2","question":"医師","answer":"いす※いと※いし※かくし"},{"category":"13","correct":"3","question":"案外","answer":"そんがい※こんがい※あんそと※あんがい"},{"category":"13","correct":"2","question":"意地悪","answer":"いしわる※いちわる※いじわる※いとわる"},{"category":"13","correct":"1","question":"当たり前","answer":"さたりまえ※あたりまえ※とありまえ※かたりまえ"},{"category":"13","correct":"3","question":"握手","answer":"にぎしゅ※あくて※にぎて※あくしゅ"},{"category":"13","correct":"2","question":"上着","answer":"したぎ※うちい※うわぎ※すいい"}]