[{"category":"13","correct":"3","question":"苛々","answer":"ぶらぶら※うじうじ※いちいち※いらいら"},{"category":"13","correct":"3","question":"合図","answer":"あうず※あんず※あいと※あいず"},{"category":"13","correct":"3","question":"一体","answer":"いちたい※いってい※いちしょう※いったい"},{"category":"13","correct":"1","question":"印象","answer":"はんしょう※いんしょう※いちしょう※ひとしょう"},{"category":"13","correct":"0","question":"課題","answer":"かだい※ぎだい※かもく※けいだい"},{"category":"13","correct":"0","question":"階段","answer":"かいだん※ろうだん※かいそく※ろうかい"},{"category":"13","correct":"1","question":"数える","answer":"すうえる※かぞえる※かずえる※かそえる"},{"category":"13","correct":"2","question":"折る","answer":"まげる※いのる※おる※やぶる"},{"category":"13","correct":"2","question":"明日","answer":"きのう※あさって※あす※きょう"},{"category":"13","correct":"1","question":"化学","answer":"がかく※かがく※ががく※がかく"},{"category":"13","correct":"3","question":"宛名","answer":"そてな※こてな※そよてな※あてな"},{"category":"13","correct":"1","question":"掻く","answer":"がく※かく※まく※まねく"},{"category":"13","correct":"3","question":"栄養","answer":"えいきょう※えいこう※えいやん※えいよう"},{"category":"13","correct":"2","question":"空く","answer":"すく※そらく※あく※とく"},{"category":"13","correct":"0","question":"描く","answer":"えがく※まねく※ひっかく※ねこく"}]