[{"category":"13","correct":"3","question":"苛々","answer":"ぶらぶら※うじうじ※いちいち※いらいら"},{"category":"13","correct":"2","question":"相手","answer":"あいしゅ※あうて※あいて※そうて"},{"category":"13","correct":"2","question":"踵","answer":"ひじ※つまさき※かかと※こう"},{"category":"13","correct":"2","question":"快速","answer":"とっきゅう※きゅうこう※かいそく※どんこう"},{"category":"13","correct":"1","question":"影響","answer":"いんきょう※えいきょう※えいぞう※いんぞう"},{"category":"13","correct":"0","question":"固い","answer":"かたい※やわらかい※しかくい※まるい"},{"category":"13","correct":"0","question":"産む","answer":"うむ※すむ※くむ※こむ"},{"category":"13","correct":"2","question":"悪戯","answer":"わるずら※とんずら※いたずら※あくずら"},{"category":"13","correct":"1","question":"確認","answer":"しょうにん※かくにん※もくにん※ひにん"},{"category":"13","correct":"1","question":"以後","answer":"いほう※いご※いがい※にご"},{"category":"13","correct":"0","question":"苛める","answer":"いじめる※いためる※こめる※うめる"},{"category":"13","correct":"2","question":"画家","answer":"かか※かくか※がか※かっけ"},{"category":"13","correct":"3","question":"怒り","answer":"いがり※どなり※おごり※いかり"},{"category":"13","correct":"1","question":"奢る","answer":"だべる※おごる※おこる※しぼる"},{"category":"13","correct":"2","question":"意外","answer":"あんがい※いそと※いがい※あんそと"}]