[{"category":"13","correct":"0","question":"穴","answer":"あな※はち※つち※どろ"},{"category":"13","correct":"0","question":"一度に","answer":"いちどに※いっとに※いちにちに※いちどうに"},{"category":"13","correct":"0","question":"お辞儀","answer":"おせじ※おぎょうぎ※おまじ※おじぎ"},{"category":"13","correct":"0","question":"課題","answer":"かだい※ぎだい※かもく※けいだい"},{"category":"13","correct":"1","question":"書留","answer":"ふくとめ※かきとめ※かきりゅう※しょるい"},{"category":"13","correct":"2","question":"医師","answer":"いす※いと※いし※かくし"},{"category":"13","correct":"3","question":"宛名","answer":"そてな※こてな※そよてな※あてな"},{"category":"13","correct":"2","question":"悪戯","answer":"わるずら※とんずら※いたずら※あくずら"},{"category":"13","correct":"2","question":"明日","answer":"きのう※あさって※あす※きょう"},{"category":"13","correct":"2","question":"辺り","answer":"あまり※へんり※あたり※まわり"},{"category":"13","correct":"3","question":"学歴","answer":"けいれき※りれき※しゅれき※がくれき"},{"category":"13","correct":"1","question":"羨ましい","answer":"めざましい※うらやましい※かしこましい※あざましい"},{"category":"13","correct":"3","question":"活躍","answer":"かっやく※かつうやく※かっよく※かつやく"},{"category":"13","correct":"2","question":"踵","answer":"ひじ※つまさき※かかと※こう"},{"category":"13","correct":"0","question":"踊り","answer":"おどり※まつり※ことり※もぐり"}]