[{"category":"13","correct":"3","question":"飾り","answer":"かさり※しきり※まつり※かざり"},{"category":"13","correct":"1","question":"数える","answer":"すうえる※かぞえる※かずえる※かそえる"},{"category":"13","correct":"1","question":"一生","answer":"いちうまれ※いっしょう※いちしょう※ひとしょう"},{"category":"13","correct":"2","question":"美味い","answer":"うつくしい※びまい※うまい※あじわい"},{"category":"13","correct":"0","question":"祝う","answer":"いわう※かまう※しゅくう※うらまう"},{"category":"13","correct":"2","question":"辺り","answer":"あまり※へんり※あたり※まわり"},{"category":"13","correct":"3","question":"各駅停車","answer":"けっえきていしゃ※こうえきていしゃ※かくかくていしゃ※かくえきていしゃ"},{"category":"13","correct":"1","question":"居間","answer":"きゅうま※いま※いかん※ひとま"},{"category":"13","correct":"3","question":"怒り","answer":"いがり※どなり※おごり※いかり"},{"category":"13","correct":"3","question":"一体","answer":"いちたい※いってい※いちしょう※いったい"},{"category":"13","correct":"3","question":"合図","answer":"あうず※あんず※あいと※あいず"},{"category":"13","correct":"3","question":"栄養","answer":"えいきょう※えいこう※えいやん※えいよう"},{"category":"13","correct":"1","question":"争う","answer":"よそおう※あらそう※そんう※かよう"},{"category":"13","correct":"2","question":"医師","answer":"いす※いと※いし※かくし"},{"category":"13","correct":"0","question":"階段","answer":"かいだん※ろうだん※かいそく※ろうかい"}]