[{"category":"13","correct":"2","question":"脂","answer":"あせ※あつい※あぶら※さとう"},{"category":"13","correct":"1","question":"羨ましい","answer":"めざましい※うらやましい※かしこましい※あざましい"},{"category":"13","correct":"2","question":"画家","answer":"かか※かくか※がか※かっけ"},{"category":"13","correct":"2","question":"噂","answer":"ぐち※たる※うわさ※さる"},{"category":"13","correct":"1","question":"影響","answer":"いんきょう※えいきょう※えいぞう※いんぞう"},{"category":"13","correct":"0","question":"与える","answer":"あたえる※あええる※あがえる※あまえる"},{"category":"13","correct":"2","question":"医師","answer":"いす※いと※いし※かくし"},{"category":"13","correct":"0","question":"一度に","answer":"いちどに※いっとに※いちにちに※いちどうに"},{"category":"13","correct":"0","question":"祝う","answer":"いわう※かまう※しゅくう※うらまう"},{"category":"13","correct":"1","question":"争う","answer":"よそおう※あらそう※そんう※かよう"},{"category":"13","correct":"3","question":"握手","answer":"にぎしゅ※あくて※にぎて※あくしゅ"},{"category":"13","correct":"0","question":"苛める","answer":"いじめる※いためる※こめる※うめる"},{"category":"13","correct":"1","question":"嗅ぐ","answer":"とぐ※かぐ※こぐ※さぐ"},{"category":"13","correct":"2","question":"演劇","answer":"えんか※えんそう※えんげき※えんかい"},{"category":"13","correct":"3","question":"埋まる","answer":"つまる※ひまる※こまる※うまる"}]