[{"category":"13","correct":"2","question":"上着","answer":"したぎ※うちい※うわぎ※すいい"},{"category":"13","correct":"3","question":"囲む","answer":"まこむ※こむ※かもむ※かこむ"},{"category":"13","correct":"1","question":"以後","answer":"いほう※いご※いがい※にご"},{"category":"13","correct":"3","question":"表す","answer":"すます※うらす※すしす※あらわす"},{"category":"13","correct":"3","question":"遊び","answer":"ようび※ゆうび※および※あそび"},{"category":"13","correct":"0","question":"歌劇","answer":"かげき※うたげき※けげき※しゃげき"},{"category":"13","correct":"1","question":"解決","answer":"さいけつ※かいけつ※けってい※かいとう"},{"category":"13","correct":"1","question":"数える","answer":"すうえる※かぞえる※かずえる※かそえる"},{"category":"13","correct":"2","question":"型","answer":"つち※たい※かた※たま"},{"category":"13","correct":"1","question":"化学","answer":"がかく※かがく※ががく※がかく"},{"category":"13","correct":"0","question":"祈る","answer":"いのる※おる※きる※まもる"},{"category":"13","correct":"1","question":"顎","answer":"まゆ※あご※かお※ほほ"},{"category":"13","correct":"3","question":"各駅停車","answer":"けっえきていしゃ※こうえきていしゃ※かくかくていしゃ※かくえきていしゃ"},{"category":"13","correct":"2","question":"相手","answer":"あいしゅ※あうて※あいて※そうて"},{"category":"13","correct":"1","question":"当たり前","answer":"さたりまえ※あたりまえ※とありまえ※かたりまえ"}]