[{"category":"13","correct":"0","question":"階段","answer":"かいだん※ろうだん※かいそく※ろうかい"},{"category":"13","correct":"0","question":"与える","answer":"あたえる※あええる※あがえる※あまえる"},{"category":"13","correct":"0","question":"一度に","answer":"いちどに※いっとに※いちにちに※いちどうに"},{"category":"13","correct":"0","question":"演奏","answer":"えんそう※えんかい※えんげき※えんか"},{"category":"13","correct":"0","question":"お辞儀","answer":"おせじ※おぎょうぎ※おまじ※おじぎ"},{"category":"13","correct":"2","question":"踵","answer":"ひじ※つまさき※かかと※こう"},{"category":"13","correct":"2","question":"空く","answer":"すく※そらく※あく※とく"},{"category":"13","correct":"2","question":"悪戯","answer":"わるずら※とんずら※いたずら※あくずら"},{"category":"13","correct":"1","question":"羨ましい","answer":"めざましい※うらやましい※かしこましい※あざましい"},{"category":"13","correct":"2","question":"預かる","answer":"あすかる※あげかる※あずかる※よかる"},{"category":"13","correct":"3","question":"解釈","answer":"かいどく※かいけつ※かいにん※かいしゃく"},{"category":"13","correct":"0","question":"産む","answer":"うむ※すむ※くむ※こむ"},{"category":"13","correct":"3","question":"懐中電灯","answer":"かいちゅうでんきゅう※はっきゅうでんきゅう※すいぎんとう※かいちゅうでんとう"},{"category":"13","correct":"1","question":"数える","answer":"すうえる※かぞえる※かずえる※かそえる"},{"category":"13","correct":"2","question":"辺り","answer":"あまり※へんり※あたり※まわり"}]