[{"category":"13","correct":"3","question":"宛名","answer":"そてな※こてな※そよてな※あてな"},{"category":"13","correct":"2","question":"悪戯","answer":"わるずら※とんずら※いたずら※あくずら"},{"category":"13","correct":"2","question":"辺り","answer":"あまり※へんり※あたり※まわり"},{"category":"13","correct":"2","question":"明日","answer":"きのう※あさって※あす※きょう"},{"category":"13","correct":"1","question":"命","answer":"おなか※いのち※い※むね"},{"category":"13","correct":"1","question":"争う","answer":"よそおう※あらそう※そんう※かよう"},{"category":"13","correct":"1","question":"重ねる","answer":"おもねる※かさねる※じゅうねる※しげねる"},{"category":"13","correct":"3","question":"懐中電灯","answer":"かいちゅうでんきゅう※はっきゅうでんきゅう※すいぎんとう※かいちゅうでんとう"},{"category":"13","correct":"3","question":"回数券","answer":"ていきけん※じょうしゃけん※にゅうじょうけん※かいすうけん"},{"category":"13","correct":"0","question":"慌てる","answer":"あわてる※あてる※すてる※まてる"},{"category":"13","correct":"3","question":"合図","answer":"あうず※あんず※あいと※あいず"},{"category":"13","correct":"1","question":"化学","answer":"がかく※かがく※ががく※がかく"},{"category":"13","correct":"2","question":"型","answer":"つち※たい※かた※たま"},{"category":"13","correct":"0","question":"祝う","answer":"いわう※かまう※しゅくう※うらまう"},{"category":"13","correct":"2","question":"意外","answer":"あんがい※いそと※いがい※あんそと"}]