[{"category":"13","correct":"0","question":"与える","answer":"あたえる※あええる※あがえる※あまえる"},{"category":"13","correct":"3","question":"可笑しい","answer":"かしこしい※かわしい※けしょしい※おかしい"},{"category":"13","correct":"2","question":"快速","answer":"とっきゅう※きゅうこう※かいそく※どんこう"},{"category":"13","correct":"0","question":"家具","answer":"かぐ※いえぐ※けぐ※しゃぐ"},{"category":"13","correct":"3","question":"握手","answer":"にぎしゅ※あくて※にぎて※あくしゅ"},{"category":"13","correct":"3","question":"回数券","answer":"ていきけん※じょうしゃけん※にゅうじょうけん※かいすうけん"},{"category":"13","correct":"2","question":"大人しい","answer":"おさなしい※やさしい※おとなしい※さみしい"},{"category":"13","correct":"1","question":"掻く","answer":"がく※かく※まく※まねく"},{"category":"13","correct":"3","question":"掛け算","answer":"まけざん※とけざん※こけざん※かけざん"},{"category":"13","correct":"1","question":"数える","answer":"すうえる※かぞえる※かずえる※かそえる"},{"category":"13","correct":"2","question":"上着","answer":"したぎ※うちい※うわぎ※すいい"},{"category":"13","correct":"3","question":"活躍","answer":"かっやく※かつうやく※かっよく※かつやく"},{"category":"13","correct":"3","question":"各駅停車","answer":"けっえきていしゃ※こうえきていしゃ※かくかくていしゃ※かくえきていしゃ"},{"category":"13","correct":"1","question":"お孫さん","answer":"おこさん※おまごさん※おじいさん※おじさん"},{"category":"13","correct":"3","question":"案外","answer":"そんがい※こんがい※あんそと※あんがい"}]