[{"category":"13","correct":"3","question":"飾り","answer":"かさり※しきり※まつり※かざり"},{"category":"13","correct":"2","question":"踵","answer":"ひじ※つまさき※かかと※こう"},{"category":"13","correct":"2","question":"駅員","answer":"こういん※うまいん※えきいん※きょういん"},{"category":"13","correct":"0","question":"祈る","answer":"いのる※おる※きる※まもる"},{"category":"13","correct":"3","question":"案外","answer":"そんがい※こんがい※あんそと※あんがい"},{"category":"13","correct":"1","question":"解決","answer":"さいけつ※かいけつ※けってい※かいとう"},{"category":"13","correct":"2","question":"意外","answer":"あんがい※いそと※いがい※あんそと"},{"category":"13","correct":"0","question":"お辞儀","answer":"おせじ※おぎょうぎ※おまじ※おじぎ"},{"category":"13","correct":"0","question":"固い","answer":"かたい※やわらかい※しかくい※まるい"},{"category":"13","correct":"0","question":"応援","answer":"おうえん※こうえん※ぼうえん※こたえん"},{"category":"13","correct":"2","question":"噂","answer":"ぐち※たる※うわさ※さる"},{"category":"13","correct":"1","question":"書留","answer":"ふくとめ※かきとめ※かきりゅう※しょるい"},{"category":"13","correct":"0","question":"演歌","answer":"えんか※いんか※えんうた※こうか"},{"category":"13","correct":"1","question":"飼う","answer":"つかう※かう※とう※しょくう"},{"category":"13","correct":"0","question":"演奏","answer":"えんそう※えんかい※えんげき※えんか"}]