[{"category":"13","correct":"3","question":"栄養","answer":"えいきょう※えいこう※えいやん※えいよう"},{"category":"13","correct":"1","question":"羨ましい","answer":"めざましい※うらやましい※かしこましい※あざましい"},{"category":"13","correct":"1","question":"顎","answer":"まゆ※あご※かお※ほほ"},{"category":"13","correct":"2","question":"画家","answer":"かか※かくか※がか※かっけ"},{"category":"13","correct":"2","question":"医師","answer":"いす※いと※いし※かくし"},{"category":"13","correct":"3","question":"回数券","answer":"ていきけん※じょうしゃけん※にゅうじょうけん※かいすうけん"},{"category":"13","correct":"0","question":"麻","answer":"あさ※あみ※ぬの※きぬ"},{"category":"13","correct":"2","question":"大人しい","answer":"おさなしい※やさしい※おとなしい※さみしい"},{"category":"13","correct":"0","question":"一度に","answer":"いちどに※いっとに※いちにちに※いちどうに"},{"category":"13","correct":"2","question":"空く","answer":"すく※そらく※あく※とく"},{"category":"13","correct":"3","question":"苛々","answer":"ぶらぶら※うじうじ※いちいち※いらいら"},{"category":"13","correct":"2","question":"預かる","answer":"あすかる※あげかる※あずかる※よかる"},{"category":"13","correct":"2","question":"意地悪","answer":"いしわる※いちわる※いじわる※いとわる"},{"category":"13","correct":"1","question":"争う","answer":"よそおう※あらそう※そんう※かよう"},{"category":"13","correct":"3","question":"傷める","answer":"きずめる※けがめる※ころめる※いためる"}]