[{"category":"13","correct":"3","question":"映る","answer":"まつる※みる※はえる※うつる"},{"category":"13","correct":"0","question":"演歌","answer":"えんか※いんか※えんうた※こうか"},{"category":"13","correct":"3","question":"宛名","answer":"そてな※こてな※そよてな※あてな"},{"category":"13","correct":"0","question":"産む","answer":"うむ※すむ※くむ※こむ"},{"category":"13","correct":"0","question":"親指","answer":"おやゆび※こゆび※ひとさしゆび※くすりゆび"},{"category":"13","correct":"2","question":"遠慮","answer":"えんりょう※えりょ※えんりょ※えりょう"},{"category":"13","correct":"0","question":"足首","answer":"あしくび※てくび※ちくび※そくくび"},{"category":"13","correct":"1","question":"書留","answer":"ふくとめ※かきとめ※かきりゅう※しょるい"},{"category":"13","correct":"2","question":"噂","answer":"ぐち※たる※うわさ※さる"},{"category":"13","correct":"0","question":"課題","answer":"かだい※ぎだい※かもく※けいだい"},{"category":"13","correct":"1","question":"化学","answer":"がかく※かがく※ががく※がかく"},{"category":"13","correct":"1","question":"一生","answer":"いちうまれ※いっしょう※いちしょう※ひとしょう"},{"category":"13","correct":"1","question":"羨ましい","answer":"めざましい※うらやましい※かしこましい※あざましい"},{"category":"13","correct":"3","question":"案外","answer":"そんがい※こんがい※あんそと※あんがい"},{"category":"13","correct":"0","question":"貸し","answer":"かし※とうし※すこし※ちんし"}]