[{"category":"13","correct":"0","question":"足首","answer":"あしくび※てくび※ちくび※そくくび"},{"category":"13","correct":"2","question":"脂","answer":"あせ※あつい※あぶら※さとう"},{"category":"13","correct":"2","question":"美味い","answer":"うつくしい※びまい※うまい※あじわい"},{"category":"13","correct":"3","question":"映る","answer":"まつる※みる※はえる※うつる"},{"category":"13","correct":"3","question":"解釈","answer":"かいどく※かいけつ※かいにん※かいしゃく"},{"category":"13","correct":"1","question":"奢る","answer":"だべる※おごる※おこる※しぼる"},{"category":"13","correct":"3","question":"傷める","answer":"きずめる※けがめる※ころめる※いためる"},{"category":"13","correct":"3","question":"各駅停車","answer":"けっえきていしゃ※こうえきていしゃ※かくかくていしゃ※かくえきていしゃ"},{"category":"13","correct":"2","question":"辺り","answer":"あまり※へんり※あたり※まわり"},{"category":"13","correct":"0","question":"一度に","answer":"いちどに※いっとに※いちにちに※いちどうに"},{"category":"13","correct":"3","question":"飾り","answer":"かさり※しきり※まつり※かざり"},{"category":"13","correct":"0","question":"麻","answer":"あさ※あみ※ぬの※きぬ"},{"category":"13","correct":"0","question":"祈る","answer":"いのる※おる※きる※まもる"},{"category":"13","correct":"1","question":"掻く","answer":"がく※かく※まく※まねく"},{"category":"13","correct":"2","question":"快速","answer":"とっきゅう※きゅうこう※かいそく※どんこう"}]