[{"category":"13","correct":"2","question":"意地悪","answer":"いしわる※いちわる※いじわる※いとわる"},{"category":"13","correct":"0","question":"親指","answer":"おやゆび※こゆび※ひとさしゆび※くすりゆび"},{"category":"13","correct":"3","question":"傷める","answer":"きずめる※けがめる※ころめる※いためる"},{"category":"13","correct":"2","question":"運賃","answer":"うんてん※ゆんちん※うんちん※ちんたい"},{"category":"13","correct":"3","question":"懐中電灯","answer":"かいちゅうでんきゅう※はっきゅうでんきゅう※すいぎんとう※かいちゅうでんとう"},{"category":"13","correct":"3","question":"栄養","answer":"えいきょう※えいこう※えいやん※えいよう"},{"category":"13","correct":"3","question":"学歴","answer":"けいれき※りれき※しゅれき※がくれき"},{"category":"13","correct":"0","question":"課題","answer":"かだい※ぎだい※かもく※けいだい"},{"category":"13","correct":"0","question":"慌てる","answer":"あわてる※あてる※すてる※まてる"},{"category":"13","correct":"0","question":"応援","answer":"おうえん※こうえん※ぼうえん※こたえん"},{"category":"13","correct":"0","question":"祈る","answer":"いのる※おる※きる※まもる"},{"category":"13","correct":"0","question":"階段","answer":"かいだん※ろうだん※かいそく※ろうかい"},{"category":"13","correct":"2","question":"相手","answer":"あいしゅ※あうて※あいて※そうて"},{"category":"13","correct":"1","question":"重ねる","answer":"おもねる※かさねる※じゅうねる※しげねる"},{"category":"13","correct":"3","question":"飾り","answer":"かさり※しきり※まつり※かざり"}]