[{"category":"13","correct":"0","question":"慌てる","answer":"あわてる※あてる※すてる※まてる"},{"category":"13","correct":"0","question":"課題","answer":"かだい※ぎだい※かもく※けいだい"},{"category":"13","correct":"1","question":"一生","answer":"いちうまれ※いっしょう※いちしょう※ひとしょう"},{"category":"13","correct":"2","question":"相手","answer":"あいしゅ※あうて※あいて※そうて"},{"category":"13","correct":"0","question":"歌劇","answer":"かげき※うたげき※けげき※しゃげき"},{"category":"13","correct":"2","question":"脂","answer":"あせ※あつい※あぶら※さとう"},{"category":"13","correct":"2","question":"意外","answer":"あんがい※いそと※いがい※あんそと"},{"category":"13","correct":"0","question":"お辞儀","answer":"おせじ※おぎょうぎ※おまじ※おじぎ"},{"category":"13","correct":"1","question":"羨ましい","answer":"めざましい※うらやましい※かしこましい※あざましい"},{"category":"13","correct":"3","question":"栄養","answer":"えいきょう※えいこう※えいやん※えいよう"},{"category":"13","correct":"1","question":"医療費","answer":"ちりょうひ※いりょうひ※いむひ※しゅじゅつひ"},{"category":"13","correct":"3","question":"可笑しい","answer":"かしこしい※かわしい※けしょしい※おかしい"},{"category":"13","correct":"1","question":"顎","answer":"まゆ※あご※かお※ほほ"},{"category":"13","correct":"1","question":"化学","answer":"がかく※かがく※ががく※がかく"},{"category":"13","correct":"1","question":"影響","answer":"いんきょう※えいきょう※えいぞう※いんぞう"}]