[{"category":"13","correct":"1","question":"嗅ぐ","answer":"とぐ※かぐ※こぐ※さぐ"},{"category":"13","correct":"1","question":"影響","answer":"いんきょう※えいきょう※えいぞう※いんぞう"},{"category":"13","correct":"2","question":"折る","answer":"まげる※いのる※おる※やぶる"},{"category":"13","correct":"2","question":"悪戯","answer":"わるずら※とんずら※いたずら※あくずら"},{"category":"13","correct":"0","question":"産む","answer":"うむ※すむ※くむ※こむ"},{"category":"13","correct":"0","question":"演奏","answer":"えんそう※えんかい※えんげき※えんか"},{"category":"13","correct":"3","question":"合図","answer":"あうず※あんず※あいと※あいず"},{"category":"13","correct":"3","question":"襟","answer":"すそ※そで※たけ※えり"},{"category":"13","correct":"0","question":"集まり","answer":"あつまり※かまり※こまり※しゅうまり"},{"category":"13","correct":"0","question":"麻","answer":"あさ※あみ※ぬの※きぬ"},{"category":"13","correct":"2","question":"快速","answer":"とっきゅう※きゅうこう※かいそく※どんこう"},{"category":"13","correct":"0","question":"課題","answer":"かだい※ぎだい※かもく※けいだい"},{"category":"13","correct":"2","question":"預かる","answer":"あすかる※あげかる※あずかる※よかる"},{"category":"13","correct":"0","question":"応援","answer":"おうえん※こうえん※ぼうえん※こたえん"},{"category":"13","correct":"2","question":"意地悪","answer":"いしわる※いちわる※いじわる※いとわる"}]