[{"category":"13","correct":"2","question":"上着","answer":"したぎ※うちい※うわぎ※すいい"},{"category":"13","correct":"3","question":"可笑しい","answer":"かしこしい※かわしい※けしょしい※おかしい"},{"category":"13","correct":"0","question":"描く","answer":"えがく※まねく※ひっかく※ねこく"},{"category":"13","correct":"0","question":"踊り","answer":"おどり※まつり※ことり※もぐり"},{"category":"13","correct":"3","question":"回数券","answer":"ていきけん※じょうしゃけん※にゅうじょうけん※かいすうけん"},{"category":"13","correct":"3","question":"一体","answer":"いちたい※いってい※いちしょう※いったい"},{"category":"13","correct":"2","question":"美味い","answer":"うつくしい※びまい※うまい※あじわい"},{"category":"13","correct":"0","question":"お辞儀","answer":"おせじ※おぎょうぎ※おまじ※おじぎ"},{"category":"13","correct":"1","question":"当たり前","answer":"さたりまえ※あたりまえ※とありまえ※かたりまえ"},{"category":"13","correct":"2","question":"空く","answer":"すく※そらく※あく※とく"},{"category":"13","correct":"1","question":"命","answer":"おなか※いのち※い※むね"},{"category":"13","correct":"0","question":"歌劇","answer":"かげき※うたげき※けげき※しゃげき"},{"category":"13","correct":"0","question":"慌てる","answer":"あわてる※あてる※すてる※まてる"},{"category":"13","correct":"1","question":"化学","answer":"がかく※かがく※ががく※がかく"},{"category":"13","correct":"2","question":"噂","answer":"ぐち※たる※うわさ※さる"}]