[{"category":"13","correct":"1","question":"飽きる","answer":"ときる※あきる※ほきる※おきる"},{"category":"13","correct":"1","question":"命","answer":"おなか※いのち※い※むね"},{"category":"13","correct":"0","question":"改札口","answer":"かいさつぐち※いりぐち※ひじょうぐち※でぐち"},{"category":"13","correct":"1","question":"重ねる","answer":"おもねる※かさねる※じゅうねる※しげねる"},{"category":"13","correct":"3","question":"懐中電灯","answer":"かいちゅうでんきゅう※はっきゅうでんきゅう※すいぎんとう※かいちゅうでんとう"},{"category":"13","correct":"0","question":"苛める","answer":"いじめる※いためる※こめる※うめる"},{"category":"13","correct":"2","question":"脂","answer":"あせ※あつい※あぶら※さとう"},{"category":"13","correct":"1","question":"解決","answer":"さいけつ※かいけつ※けってい※かいとう"},{"category":"13","correct":"1","question":"顎","answer":"まゆ※あご※かお※ほほ"},{"category":"13","correct":"2","question":"辺り","answer":"あまり※へんり※あたり※まわり"},{"category":"13","correct":"1","question":"居間","answer":"きゅうま※いま※いかん※ひとま"},{"category":"13","correct":"1","question":"当たり前","answer":"さたりまえ※あたりまえ※とありまえ※かたりまえ"},{"category":"13","correct":"2","question":"型","answer":"つち※たい※かた※たま"},{"category":"13","correct":"0","question":"演歌","answer":"えんか※いんか※えんうた※こうか"},{"category":"13","correct":"3","question":"活躍","answer":"かっやく※かつうやく※かっよく※かつやく"}]