[{"category":"13","correct":"0","question":"穴","answer":"あな※はち※つち※どろ"},{"category":"13","correct":"1","question":"顎","answer":"まゆ※あご※かお※ほほ"},{"category":"13","correct":"1","question":"影響","answer":"いんきょう※えいきょう※えいぞう※いんぞう"},{"category":"13","correct":"0","question":"歌劇","answer":"かげき※うたげき※けげき※しゃげき"},{"category":"13","correct":"2","question":"美味い","answer":"うつくしい※びまい※うまい※あじわい"},{"category":"13","correct":"2","question":"快速","answer":"とっきゅう※きゅうこう※かいそく※どんこう"},{"category":"13","correct":"0","question":"暖まる","answer":"あたたまる※うまる※やすまる※あえまる"},{"category":"13","correct":"3","question":"傷める","answer":"きずめる※けがめる※ころめる※いためる"},{"category":"13","correct":"1","question":"飼う","answer":"つかう※かう※とう※しょくう"},{"category":"13","correct":"0","question":"産む","answer":"うむ※すむ※くむ※こむ"},{"category":"13","correct":"0","question":"描く","answer":"えがく※まねく※ひっかく※ねこく"},{"category":"13","correct":"0","question":"改札口","answer":"かいさつぐち※いりぐち※ひじょうぐち※でぐち"},{"category":"13","correct":"0","question":"集まり","answer":"あつまり※かまり※こまり※しゅうまり"},{"category":"13","correct":"2","question":"型","answer":"つち※たい※かた※たま"},{"category":"13","correct":"3","question":"栄養","answer":"えいきょう※えいこう※えいやん※えいよう"}]