[{"category":"13","correct":"1","question":"飽きる","answer":"ときる※あきる※ほきる※おきる"},{"category":"13","correct":"3","question":"学歴","answer":"けいれき※りれき※しゅれき※がくれき"},{"category":"13","correct":"1","question":"一生","answer":"いちうまれ※いっしょう※いちしょう※ひとしょう"},{"category":"13","correct":"0","question":"一度に","answer":"いちどに※いっとに※いちにちに※いちどうに"},{"category":"13","correct":"3","question":"解釈","answer":"かいどく※かいけつ※かいにん※かいしゃく"},{"category":"13","correct":"1","question":"医療費","answer":"ちりょうひ※いりょうひ※いむひ※しゅじゅつひ"},{"category":"13","correct":"0","question":"会社員","answer":"かいしゃいん※こうむいん※えきいん※きょういん"},{"category":"13","correct":"3","question":"回数券","answer":"ていきけん※じょうしゃけん※にゅうじょうけん※かいすうけん"},{"category":"13","correct":"0","question":"演歌","answer":"えんか※いんか※えんうた※こうか"},{"category":"13","correct":"1","question":"確認","answer":"しょうにん※かくにん※もくにん※ひにん"},{"category":"13","correct":"0","question":"足首","answer":"あしくび※てくび※ちくび※そくくび"},{"category":"13","correct":"3","question":"傷める","answer":"きずめる※けがめる※ころめる※いためる"},{"category":"13","correct":"3","question":"合図","answer":"あうず※あんず※あいと※あいず"},{"category":"13","correct":"2","question":"折る","answer":"まげる※いのる※おる※やぶる"},{"category":"13","correct":"3","question":"飾り","answer":"かさり※しきり※まつり※かざり"}]