[{"category":"13","correct":"2","question":"画家","answer":"かか※かくか※がか※かっけ"},{"category":"13","correct":"3","question":"握手","answer":"にぎしゅ※あくて※にぎて※あくしゅ"},{"category":"13","correct":"0","question":"課題","answer":"かだい※ぎだい※かもく※けいだい"},{"category":"13","correct":"3","question":"各駅停車","answer":"けっえきていしゃ※こうえきていしゃ※かくかくていしゃ※かくえきていしゃ"},{"category":"13","correct":"0","question":"踊り","answer":"おどり※まつり※ことり※もぐり"},{"category":"13","correct":"2","question":"空く","answer":"すく※そらく※あく※とく"},{"category":"13","correct":"3","question":"可笑しい","answer":"かしこしい※かわしい※けしょしい※おかしい"},{"category":"13","correct":"2","question":"演劇","answer":"えんか※えんそう※えんげき※えんかい"},{"category":"13","correct":"0","question":"会社員","answer":"かいしゃいん※こうむいん※えきいん※きょういん"},{"category":"13","correct":"1","question":"解決","answer":"さいけつ※かいけつ※けってい※かいとう"},{"category":"13","correct":"1","question":"影響","answer":"いんきょう※えいきょう※えいぞう※いんぞう"},{"category":"13","correct":"2","question":"駅員","answer":"こういん※うまいん※えきいん※きょういん"},{"category":"13","correct":"3","question":"合図","answer":"あうず※あんず※あいと※あいず"},{"category":"13","correct":"2","question":"噂","answer":"ぐち※たる※うわさ※さる"},{"category":"13","correct":"3","question":"回数券","answer":"ていきけん※じょうしゃけん※にゅうじょうけん※かいすうけん"}]