[{"category":"13","correct":"2","question":"運賃","answer":"うんてん※ゆんちん※うんちん※ちんたい"},{"category":"13","correct":"3","question":"表す","answer":"すます※うらす※すしす※あらわす"},{"category":"13","correct":"1","question":"印象","answer":"はんしょう※いんしょう※いちしょう※ひとしょう"},{"category":"13","correct":"0","question":"慌てる","answer":"あわてる※あてる※すてる※まてる"},{"category":"13","correct":"3","question":"解釈","answer":"かいどく※かいけつ※かいにん※かいしゃく"},{"category":"13","correct":"3","question":"浅い","answer":"ふかい※ぬごい※ださい※あさい"},{"category":"13","correct":"3","question":"以前","answer":"いまえ※いそと※いがい※いぜん"},{"category":"13","correct":"0","question":"家具","answer":"かぐ※いえぐ※けぐ※しゃぐ"},{"category":"13","correct":"3","question":"活躍","answer":"かっやく※かつうやく※かっよく※かつやく"},{"category":"13","correct":"1","question":"顎","answer":"まゆ※あご※かお※ほほ"},{"category":"13","correct":"0","question":"課題","answer":"かだい※ぎだい※かもく※けいだい"},{"category":"13","correct":"3","question":"苛々","answer":"ぶらぶら※うじうじ※いちいち※いらいら"},{"category":"13","correct":"2","question":"辺り","answer":"あまり※へんり※あたり※まわり"},{"category":"13","correct":"0","question":"暖まる","answer":"あたたまる※うまる※やすまる※あえまる"},{"category":"13","correct":"0","question":"一度に","answer":"いちどに※いっとに※いちにちに※いちどうに"}]