[{"category":"13","correct":"0","question":"祝う","answer":"いわう※かまう※しゅくう※うらまう"},{"category":"13","correct":"1","question":"解決","answer":"さいけつ※かいけつ※けってい※かいとう"},{"category":"13","correct":"3","question":"襟","answer":"すそ※そで※たけ※えり"},{"category":"13","correct":"1","question":"当たり前","answer":"さたりまえ※あたりまえ※とありまえ※かたりまえ"},{"category":"13","correct":"2","question":"上着","answer":"したぎ※うちい※うわぎ※すいい"},{"category":"13","correct":"0","question":"慌てる","answer":"あわてる※あてる※すてる※まてる"},{"category":"13","correct":"1","question":"数える","answer":"すうえる※かぞえる※かずえる※かそえる"},{"category":"13","correct":"2","question":"相手","answer":"あいしゅ※あうて※あいて※そうて"},{"category":"13","correct":"1","question":"奢る","answer":"だべる※おごる※おこる※しぼる"},{"category":"13","correct":"0","question":"演歌","answer":"えんか※いんか※えんうた※こうか"},{"category":"13","correct":"3","question":"学歴","answer":"けいれき※りれき※しゅれき※がくれき"},{"category":"13","correct":"3","question":"遊び","answer":"ようび※ゆうび※および※あそび"},{"category":"13","correct":"3","question":"苛々","answer":"ぶらぶら※うじうじ※いちいち※いらいら"},{"category":"13","correct":"1","question":"印象","answer":"はんしょう※いんしょう※いちしょう※ひとしょう"},{"category":"13","correct":"1","question":"化学","answer":"がかく※かがく※ががく※がかく"}]