[{"category":"13","correct":"2","question":"空く","answer":"すく※そらく※あく※とく"},{"category":"13","correct":"1","question":"飽きる","answer":"ときる※あきる※ほきる※おきる"},{"category":"13","correct":"1","question":"奢る","answer":"だべる※おごる※おこる※しぼる"},{"category":"13","correct":"1","question":"お孫さん","answer":"おこさん※おまごさん※おじいさん※おじさん"},{"category":"13","correct":"0","question":"足首","answer":"あしくび※てくび※ちくび※そくくび"},{"category":"13","correct":"1","question":"書留","answer":"ふくとめ※かきとめ※かきりゅう※しょるい"},{"category":"13","correct":"1","question":"当たり前","answer":"さたりまえ※あたりまえ※とありまえ※かたりまえ"},{"category":"13","correct":"2","question":"運賃","answer":"うんてん※ゆんちん※うんちん※ちんたい"},{"category":"13","correct":"3","question":"以前","answer":"いまえ※いそと※いがい※いぜん"},{"category":"13","correct":"3","question":"掛け算","answer":"まけざん※とけざん※こけざん※かけざん"},{"category":"13","correct":"3","question":"握手","answer":"にぎしゅ※あくて※にぎて※あくしゅ"},{"category":"13","correct":"2","question":"明日","answer":"きのう※あさって※あす※きょう"},{"category":"13","correct":"1","question":"化学","answer":"がかく※かがく※ががく※がかく"},{"category":"13","correct":"2","question":"大人しい","answer":"おさなしい※やさしい※おとなしい※さみしい"},{"category":"13","correct":"1","question":"居間","answer":"きゅうま※いま※いかん※ひとま"}]