[{"category":"13","correct":"1","question":"飽きる","answer":"ときる※あきる※ほきる※おきる"},{"category":"13","correct":"3","question":"可笑しい","answer":"かしこしい※かわしい※けしょしい※おかしい"},{"category":"13","correct":"2","question":"明日","answer":"きのう※あさって※あす※きょう"},{"category":"13","correct":"2","question":"美味い","answer":"うつくしい※びまい※うまい※あじわい"},{"category":"13","correct":"2","question":"脂","answer":"あせ※あつい※あぶら※さとう"},{"category":"13","correct":"1","question":"重ねる","answer":"おもねる※かさねる※じゅうねる※しげねる"},{"category":"13","correct":"1","question":"化学","answer":"がかく※かがく※ががく※がかく"},{"category":"13","correct":"2","question":"噂","answer":"ぐち※たる※うわさ※さる"},{"category":"13","correct":"2","question":"相手","answer":"あいしゅ※あうて※あいて※そうて"},{"category":"13","correct":"2","question":"意地悪","answer":"いしわる※いちわる※いじわる※いとわる"},{"category":"13","correct":"3","question":"遊び","answer":"ようび※ゆうび※および※あそび"},{"category":"13","correct":"0","question":"会社員","answer":"かいしゃいん※こうむいん※えきいん※きょういん"},{"category":"13","correct":"3","question":"活躍","answer":"かっやく※かつうやく※かっよく※かつやく"},{"category":"13","correct":"3","question":"各駅停車","answer":"けっえきていしゃ※こうえきていしゃ※かくかくていしゃ※かくえきていしゃ"},{"category":"13","correct":"0","question":"穴","answer":"あな※はち※つち※どろ"}]