[{"category":"13","correct":"0","question":"祈る","answer":"いのる※おる※きる※まもる"},{"category":"13","correct":"0","question":"貸し","answer":"かし※とうし※すこし※ちんし"},{"category":"13","correct":"3","question":"浅い","answer":"ふかい※ぬごい※ださい※あさい"},{"category":"13","correct":"0","question":"合う","answer":"あう※ふくむ※ごうう※そう"},{"category":"13","correct":"2","question":"預かる","answer":"あすかる※あげかる※あずかる※よかる"},{"category":"13","correct":"0","question":"祝う","answer":"いわう※かまう※しゅくう※うらまう"},{"category":"13","correct":"3","question":"可笑しい","answer":"かしこしい※かわしい※けしょしい※おかしい"},{"category":"13","correct":"0","question":"与える","answer":"あたえる※あええる※あがえる※あまえる"},{"category":"13","correct":"3","question":"掛け算","answer":"まけざん※とけざん※こけざん※かけざん"},{"category":"13","correct":"3","question":"学歴","answer":"けいれき※りれき※しゅれき※がくれき"},{"category":"13","correct":"0","question":"固い","answer":"かたい※やわらかい※しかくい※まるい"},{"category":"13","correct":"0","question":"家具","answer":"かぐ※いえぐ※けぐ※しゃぐ"},{"category":"13","correct":"2","question":"噂","answer":"ぐち※たる※うわさ※さる"},{"category":"13","correct":"3","question":"映る","answer":"まつる※みる※はえる※うつる"},{"category":"13","correct":"1","question":"争う","answer":"よそおう※あらそう※そんう※かよう"}]