[{"category":"13","correct":"3","question":"囲む","answer":"まこむ※こむ※かもむ※かこむ"},{"category":"13","correct":"2","question":"折る","answer":"まげる※いのる※おる※やぶる"},{"category":"13","correct":"1","question":"化学","answer":"がかく※かがく※ががく※がかく"},{"category":"13","correct":"1","question":"印象","answer":"はんしょう※いんしょう※いちしょう※ひとしょう"},{"category":"13","correct":"0","question":"演奏","answer":"えんそう※えんかい※えんげき※えんか"},{"category":"13","correct":"3","question":"怒り","answer":"いがり※どなり※おごり※いかり"},{"category":"13","correct":"3","question":"宛名","answer":"そてな※こてな※そよてな※あてな"},{"category":"13","correct":"3","question":"解釈","answer":"かいどく※かいけつ※かいにん※かいしゃく"},{"category":"13","correct":"0","question":"固い","answer":"かたい※やわらかい※しかくい※まるい"},{"category":"13","correct":"1","question":"争う","answer":"よそおう※あらそう※そんう※かよう"},{"category":"13","correct":"0","question":"暖まる","answer":"あたたまる※うまる※やすまる※あえまる"},{"category":"13","correct":"0","question":"親指","answer":"おやゆび※こゆび※ひとさしゆび※くすりゆび"},{"category":"13","correct":"0","question":"祈る","answer":"いのる※おる※きる※まもる"},{"category":"13","correct":"2","question":"明日","answer":"きのう※あさって※あす※きょう"},{"category":"13","correct":"3","question":"表す","answer":"すます※うらす※すしす※あらわす"}]