[{"category":"13","correct":"1","question":"命","answer":"おなか※いのち※い※むね"},{"category":"13","correct":"3","question":"活躍","answer":"かっやく※かつうやく※かっよく※かつやく"},{"category":"13","correct":"3","question":"囲む","answer":"まこむ※こむ※かもむ※かこむ"},{"category":"13","correct":"1","question":"争う","answer":"よそおう※あらそう※そんう※かよう"},{"category":"13","correct":"2","question":"駅員","answer":"こういん※うまいん※えきいん※きょういん"},{"category":"13","correct":"2","question":"型","answer":"つち※たい※かた※たま"},{"category":"13","correct":"2","question":"折る","answer":"まげる※いのる※おる※やぶる"},{"category":"13","correct":"1","question":"解決","answer":"さいけつ※かいけつ※けってい※かいとう"},{"category":"13","correct":"3","question":"宛名","answer":"そてな※こてな※そよてな※あてな"},{"category":"13","correct":"3","question":"握手","answer":"にぎしゅ※あくて※にぎて※あくしゅ"},{"category":"13","correct":"1","question":"化学","answer":"がかく※かがく※ががく※がかく"},{"category":"13","correct":"0","question":"家具","answer":"かぐ※いえぐ※けぐ※しゃぐ"},{"category":"13","correct":"3","question":"飾り","answer":"かさり※しきり※まつり※かざり"},{"category":"13","correct":"0","question":"慌てる","answer":"あわてる※あてる※すてる※まてる"},{"category":"13","correct":"2","question":"意外","answer":"あんがい※いそと※いがい※あんそと"}]