[{"category":"13","correct":"0","question":"親指","answer":"おやゆび※こゆび※ひとさしゆび※くすりゆび"},{"category":"13","correct":"3","question":"栄養","answer":"えいきょう※えいこう※えいやん※えいよう"},{"category":"13","correct":"3","question":"回数券","answer":"ていきけん※じょうしゃけん※にゅうじょうけん※かいすうけん"},{"category":"13","correct":"0","question":"足首","answer":"あしくび※てくび※ちくび※そくくび"},{"category":"13","correct":"3","question":"怒り","answer":"いがり※どなり※おごり※いかり"},{"category":"13","correct":"3","question":"遊び","answer":"ようび※ゆうび※および※あそび"},{"category":"13","correct":"1","question":"印象","answer":"はんしょう※いんしょう※いちしょう※ひとしょう"},{"category":"13","correct":"3","question":"学歴","answer":"けいれき※りれき※しゅれき※がくれき"},{"category":"13","correct":"1","question":"解決","answer":"さいけつ※かいけつ※けってい※かいとう"},{"category":"13","correct":"1","question":"数える","answer":"すうえる※かぞえる※かずえる※かそえる"},{"category":"13","correct":"0","question":"一度に","answer":"いちどに※いっとに※いちにちに※いちどうに"},{"category":"13","correct":"2","question":"折る","answer":"まげる※いのる※おる※やぶる"},{"category":"13","correct":"1","question":"書留","answer":"ふくとめ※かきとめ※かきりゅう※しょるい"},{"category":"13","correct":"3","question":"飾り","answer":"かさり※しきり※まつり※かざり"},{"category":"13","correct":"0","question":"課題","answer":"かだい※ぎだい※かもく※けいだい"}]