[{"category":"13","correct":"2","question":"空く","answer":"すく※そらく※あく※とく"},{"category":"13","correct":"0","question":"応援","answer":"おうえん※こうえん※ぼうえん※こたえん"},{"category":"13","correct":"2","question":"運賃","answer":"うんてん※ゆんちん※うんちん※ちんたい"},{"category":"13","correct":"2","question":"上着","answer":"したぎ※うちい※うわぎ※すいい"},{"category":"13","correct":"3","question":"案外","answer":"そんがい※こんがい※あんそと※あんがい"},{"category":"13","correct":"0","question":"祈る","answer":"いのる※おる※きる※まもる"},{"category":"13","correct":"3","question":"活躍","answer":"かっやく※かつうやく※かっよく※かつやく"},{"category":"13","correct":"3","question":"学歴","answer":"けいれき※りれき※しゅれき※がくれき"},{"category":"13","correct":"1","question":"重ねる","answer":"おもねる※かさねる※じゅうねる※しげねる"},{"category":"13","correct":"1","question":"印象","answer":"はんしょう※いんしょう※いちしょう※ひとしょう"},{"category":"13","correct":"0","question":"演奏","answer":"えんそう※えんかい※えんげき※えんか"},{"category":"13","correct":"2","question":"悪戯","answer":"わるずら※とんずら※いたずら※あくずら"},{"category":"13","correct":"1","question":"居間","answer":"きゅうま※いま※いかん※ひとま"},{"category":"13","correct":"0","question":"踊り","answer":"おどり※まつり※ことり※もぐり"},{"category":"13","correct":"0","question":"合う","answer":"あう※ふくむ※ごうう※そう"}]