[{"category":"8","correct":"0","question":"新幹線や遊園地などの子供の(___)は大人の半額だ。","answer":"料金※代金※勘定※有料"},{"category":"8","correct":"0","question":"事の重要性を(___)する。","answer":"強調※協同※共同※協調"},{"category":"8","correct":"2","question":"そんなにすごくないようす","answer":"たしょう※けっして※たいして※いちおう"},{"category":"8","correct":"2","question":"需要と(___)。","answer":"救急※関係※供給※競争"},{"category":"8","correct":"3","question":"今年は少し長い(___)をとって、海外旅行をするつもりだ。","answer":"休業※休息※休養※休暇"},{"category":"8","correct":"0","question":"病気で調子が悪く、試験では(___)を出せなかった。","answer":"実力※能力※学力※知識"},{"category":"8","correct":"2","question":"皆さん、一緒に(___)しましょう。","answer":"完敗※官幣※乾杯※寒波"},{"category":"8","correct":"2","question":"手や道具で何回もくりかえし打つ","answer":"なぐる※ぶつ※たたく※さす"},{"category":"8","correct":"2","question":"家庭用電気(___)。","answer":"危惧※機具※器具※記号"},{"category":"8","correct":"2","question":"言うのは簡単だが(___)にうつすのが大変なんだ。","answer":"実用※実現※実行※実施"},{"category":"8","correct":"2","question":"自分のすきなものを趣味として集めたもの","answer":"オートメーション※コミュニケーション※コレクション※レクレーション"},{"category":"8","correct":"1","question":"人に聞かれたくないので、(___)ように話した。","answer":"ほえる※ささやくく※さけぶ※だまる"},{"category":"8","correct":"2","question":"よく似ていることを強くいいたいときに使う","answer":"みごと※まるで※むしろ※または"},{"category":"8","correct":"0","question":"輪を書くような形に動かす","answer":"回す※巻く※めぐる※むすぶ"},{"category":"8","correct":"1","question":"仕事をしてもらうために会社に入れる","answer":"もどす※やとう※もちいる※まねく"}]