[{"category":"8","correct":"2","question":"人やものを見つけようと行動する","answer":"さがす※すくう※さぐる※気をつける"},{"category":"8","correct":"1","question":"被害者を(___)する。","answer":"安否※救助※休養※期待"},{"category":"8","correct":"1","question":"いきおいよく進むようす","answer":"たびたび※どんどん※まあまあ※しばしば"},{"category":"8","correct":"3","question":"後ろから行って前にでる","answer":"追いつく※追う※追いかける※追い越す"},{"category":"8","correct":"0","question":"品質を厳しく(___)する。","answer":"管理※官吏※監理※環理"},{"category":"8","correct":"1","question":"有効(___)。","answer":"機嫌※期限※起源※紀元"},{"category":"8","correct":"0","question":"国立競技場は日曜日には市民に(___)される。","answer":"開放※開通※開始※開会"},{"category":"8","correct":"1","question":"新しい予算案が国会で(___)された。","answer":"確認※承認※確立※確実"},{"category":"8","correct":"3","question":"(___)を解散する。","answer":"義解※期間※議員※議会"},{"category":"8","correct":"2","question":"自分のすきなものを趣味として集めたもの","answer":"オートメーション※コミュニケーション※コレクション※レクレーション"},{"category":"8","correct":"2","question":"彼が試合で(___)した記事が新聞にのっていた。","answer":"活動※活気※活躍※活用"},{"category":"8","correct":"0","question":"全部を終わらせる","answer":"すませる※しめきる※まとめる※しあがる"},{"category":"8","correct":"2","question":"しんせんなようす","answer":"ぴかぴか※はきはき※いきいき※のろのろ"},{"category":"8","correct":"0","question":"家屋の(___)がしっかりしている。","answer":"基礎※起訴※帰巣※基層"},{"category":"8","correct":"3","question":"何かをとおして向こう側が見える","answer":"澄む※だぶる※にごる※すきとおる"}]