[{"category":"8","correct":"2","question":"することが複雑でよくわからない感じ","answer":"むだ※でたらめ※めんどう※めいわく"},{"category":"8","correct":"2","question":"よく似ていることを強くいいたいときに使う","answer":"みごと※まるで※むしろ※または"},{"category":"8","correct":"3","question":"急に黒い雲が空を(___)雨が降り出した。","answer":"うめて※かぶせて※かくして※おおって"},{"category":"8","correct":"0","question":"病気で調子が悪く、試験では(___)を出せなかった。","answer":"実力※能力※学力※知識"},{"category":"8","correct":"0","question":"全部を終わらせる","answer":"すませる※しめきる※まとめる※しあがる"},{"category":"8","correct":"2","question":"彼が試合で(___)した記事が新聞にのっていた。","answer":"活動※活気※活躍※活用"},{"category":"8","correct":"2","question":"いっしょうけんめいなようす","answer":"しんこく※しんちょう※しんけん※しんせん"},{"category":"8","correct":"2","question":"問題をそこに(___)話す。","answer":"搾って※締めて※絞って※しゃべって"},{"category":"8","correct":"1","question":"寮では(___)正しい生活をしなければならない。","answer":"定期※規律※法則※条件"},{"category":"8","correct":"2","question":"そんなにすごくないようす","answer":"たしょう※けっして※たいして※いちおう"},{"category":"8","correct":"0","question":"２つのもののあいだに差がないようす","answer":"ひとしい※したしい※おしい※しかくい"},{"category":"8","correct":"0","question":"(___)会見に出る。","answer":"記者※汽車※貴社※喜捨"},{"category":"8","correct":"3","question":"船の数を数える","answer":"通※件※行※せき"},{"category":"8","correct":"1","question":"静かに何かをするようす","answer":"しいんと※そうっと※ずうっと※きちんと"},{"category":"8","correct":"2","question":"いくら美人での(___)が悪いのは嫌だ。","answer":"性質※典型※性格※才能"}]