[{"category":"8","correct":"0","question":"輪を書くような形に動かす","answer":"回す※巻く※めぐる※むすぶ"},{"category":"8","correct":"3","question":"家族全員で会社を(___)している。","answer":"企業※商社※営業※経営"},{"category":"8","correct":"1","question":"寮では(___)正しい生活をしなければならない。","answer":"定期※規律※法則※条件"},{"category":"8","correct":"3","question":"さっぱりして気持ちがいいようす","answer":"ごうか※すてき※こううん※さわやか"},{"category":"8","correct":"2","question":"夏は気圧の(___)が多い。","answer":"天道※天童※変動※天候"},{"category":"8","correct":"3","question":"今年は少し長い(___)をとって、海外旅行をするつもりだ。","answer":"休業※休息※休養※休暇"},{"category":"8","correct":"2","question":"家庭用電気(___)。","answer":"危惧※機具※器具※記号"},{"category":"8","correct":"1","question":"食べ物が悪くなって食べられなくなる","answer":"こぼす※くさる※こげる※さびる"},{"category":"8","correct":"1","question":"仕事をしてもらうために会社に入れる","answer":"もどす※やとう※もちいる※まねく"},{"category":"8","correct":"2","question":"いっしょうけんめいなようす","answer":"しんこく※しんちょう※しんけん※しんせん"},{"category":"8","correct":"0","question":"品質を厳しく(___)する。","answer":"管理※官吏※監理※環理"},{"category":"8","correct":"0","question":"ある事をしたくないようすをみせる","answer":"いやがる※ことわる※うたがう※おそれる"},{"category":"8","correct":"0","question":"何かをするときに、もう一つの事もいっしょにすること","answer":"ついでに※わりあいに※よけいに※ひとりでに"},{"category":"8","correct":"1","question":"空気が(___)している。","answer":"感想※乾燥※観想※歓送"},{"category":"8","correct":"2","question":"家を数える","answer":"行※件※軒※席"}]