[{"category":"8","correct":"1","question":"今までしてきた仕事を(___)されて主任になった。","answer":"批判※評価※評判※審判"},{"category":"8","correct":"3","question":"(___)を解散する。","answer":"義解※期間※議員※議会"},{"category":"8","correct":"2","question":"いっしょうけんめいなようす","answer":"しんこく※しんちょう※しんけん※しんせん"},{"category":"8","correct":"3","question":"「だいたい」とだいたい同じ意味","answer":"いくぶん※たとえば※ぐうぜん※およそ"},{"category":"8","correct":"2","question":"わかったという合図でクビを経てにふる","answer":"ほほえむ※かぐ※うなずく※あおぐ"},{"category":"8","correct":"3","question":"何かをとおして向こう側が見える","answer":"澄む※だぶる※にごる※すきとおる"},{"category":"8","correct":"2","question":"問題をそこに(___)話す。","answer":"搾って※締めて※絞って※しゃべって"},{"category":"8","correct":"1","question":"たたむようにまげる","answer":"やぶる※おる※ねじる※つぶれる"},{"category":"8","correct":"2","question":"需要と(___)。","answer":"救急※関係※供給※競争"},{"category":"8","correct":"0","question":"家屋の(___)がしっかりしている。","answer":"基礎※起訴※帰巣※基層"},{"category":"8","correct":"2","question":"元気よく何かをする","answer":"やくだつ※ふるまう※はりきる※とびだす"},{"category":"8","correct":"1","question":"米でアイスを作るなんておもしろい(___)だ。","answer":"思想※発想※想像※空想"},{"category":"8","correct":"0","question":"このあたりは(___)がかたいので大きな地震がきても大丈夫だ。","answer":"地盤※地面※大陸※地質"},{"category":"8","correct":"2","question":"自分のすきなものを趣味として集めたもの","answer":"オートメーション※コミュニケーション※コレクション※レクレーション"},{"category":"8","correct":"1","question":"入国を(___)する。","answer":"計算※許可※区域※禁煙"}]