[{"category":"8","correct":"2","question":"薬などのはたらきがとてもよくあらわれる","answer":"える※あてはまる※きく※うけとる"},{"category":"8","correct":"2","question":"高層建築は(___)工事が大切だ。","answer":"基地※基盤※基礎※基本"},{"category":"8","correct":"2","question":"いくら美人での(___)が悪いのは嫌だ。","answer":"性質※典型※性格※才能"},{"category":"8","correct":"0","question":"病気で調子が悪く、試験では(___)を出せなかった。","answer":"実力※能力※学力※知識"},{"category":"8","correct":"2","question":"手や道具で何回もくりかえし打つ","answer":"なぐる※ぶつ※たたく※さす"},{"category":"8","correct":"2","question":"わかったという合図でクビを経てにふる","answer":"ほほえむ※かぐ※うなずく※あおぐ"},{"category":"8","correct":"3","question":"さっぱりして気持ちがいいようす","answer":"ごうか※すてき※こううん※さわやか"},{"category":"8","correct":"1","question":"人に聞かれたくないので、(___)ように話した。","answer":"ほえる※ささやくく※さけぶ※だまる"},{"category":"8","correct":"2","question":"そんなにすごくないようす","answer":"たしょう※けっして※たいして※いちおう"},{"category":"8","correct":"2","question":"人やものを見つけようと行動する","answer":"さがす※すくう※さぐる※気をつける"},{"category":"8","correct":"2","question":"まだ使えるものがすててあるのを見て惜しいという感じ","answer":"おもいがけない※しかたがない※もったいない※めんどうくさい"},{"category":"8","correct":"1","question":"仕事をしてもらうために会社に入れる","answer":"もどす※やとう※もちいる※まねく"},{"category":"8","correct":"1","question":"入国を(___)する。","answer":"計算※許可※区域※禁煙"},{"category":"8","correct":"0","question":"病気などで顔色が悪いようす","answer":"あおじろい※まみどり※ピンクっぽい※まっくろ"},{"category":"8","correct":"2","question":"彼が話したことは(___)で、嘘は言っていない。","answer":"事態※事件※事実※事情"}]