[{"category":"8","correct":"1","question":"仕事をしてもらうために会社に入れる","answer":"もどす※やとう※もちいる※まねく"},{"category":"8","correct":"2","question":"このまま現状を(___)していくのは難しい。","answer":"継続※連続※維持※接近"},{"category":"8","correct":"2","question":"夏は気圧の(___)が多い。","answer":"天道※天童※変動※天候"},{"category":"8","correct":"0","question":"何かをするときに、もう一つの事もいっしょにすること","answer":"ついでに※わりあいに※よけいに※ひとりでに"},{"category":"8","correct":"3","question":"急に黒い雲が空を(___)雨が降り出した。","answer":"うめて※かぶせて※かくして※おおって"},{"category":"8","correct":"0","question":"国立競技場は日曜日には市民に(___)される。","answer":"開放※開通※開始※開会"},{"category":"8","correct":"1","question":"売り上げから材料費をひくと(___)はほとんどない。","answer":"収入※利益※費用※資本"},{"category":"8","correct":"0","question":"病気で調子が悪く、試験では(___)を出せなかった。","answer":"実力※能力※学力※知識"},{"category":"8","correct":"1","question":"静かに何かをするようす","answer":"しいんと※そうっと※ずうっと※きちんと"},{"category":"8","correct":"2","question":"人やものを見つけようと行動する","answer":"さがす※すくう※さぐる※気をつける"},{"category":"8","correct":"3","question":"私は心臓が悪いと医者に(___)された。","answer":"診察※決心※判断※診断"},{"category":"8","correct":"3","question":"ボートや自転車を手や足の力で進める","answer":"ぬく※ふる※ほる※こぐ"},{"category":"8","correct":"1","question":"有効(___)。","answer":"機嫌※期限※起源※紀元"},{"category":"8","correct":"3","question":"たたみの数を数える","answer":"行※件※席※畳"},{"category":"8","correct":"3","question":"何かをとおして向こう側が見える","answer":"澄む※だぶる※にごる※すきとおる"}]