[{"category":"8","correct":"2","question":"することが複雑でよくわからない感じ","answer":"むだ※でたらめ※めんどう※めいわく"},{"category":"8","correct":"3","question":"今日は海が(___)いるので船が出せない。","answer":"さからって※あらそって※あばれて※あれて"},{"category":"8","correct":"3","question":"(___)を解散する。","answer":"義解※期間※議員※議会"},{"category":"8","correct":"0","question":"おもいがけない得をする","answer":"もうける※かせぐ※たすかる※ねらう"},{"category":"8","correct":"1","question":"賄賂事件に(___)した問題を調べる。","answer":"環形※関連※還啓※姦計"},{"category":"8","correct":"2","question":"手や道具で何回もくりかえし打つ","answer":"なぐる※ぶつ※たたく※さす"},{"category":"8","correct":"2","question":"いっしょうけんめいなようす","answer":"しんこく※しんちょう※しんけん※しんせん"},{"category":"8","correct":"1","question":"空気が(___)している。","answer":"感想※乾燥※観想※歓送"},{"category":"8","correct":"3","question":"漁業に(___)する。","answer":"十字※住持※共同※従事"},{"category":"8","correct":"2","question":"家を数える","answer":"行※件※軒※席"},{"category":"8","correct":"1","question":"（＿＿）を述べる。","answer":"歓送※感想※観想※間奏"},{"category":"8","correct":"3","question":"急に黒い雲が空を(___)雨が降り出した。","answer":"うめて※かぶせて※かくして※おおって"},{"category":"8","correct":"3","question":"何かをとおして向こう側が見える","answer":"澄む※だぶる※にごる※すきとおる"},{"category":"8","correct":"2","question":"しんせんなようす","answer":"ぴかぴか※はきはき※いきいき※のろのろ"},{"category":"8","correct":"1","question":"新しい予算案が国会で(___)された。","answer":"確認※承認※確立※確実"}]