[{"category":"8","correct":"3","question":"今日は海が(___)いるので船が出せない。","answer":"さからって※あらそって※あばれて※あれて"},{"category":"8","correct":"0","question":"家屋の(___)がしっかりしている。","answer":"基礎※起訴※帰巣※基層"},{"category":"8","correct":"3","question":"水の中で死にそうになる","answer":"もぐる※とどまる※ころがる※おぼれる"},{"category":"8","correct":"0","question":"まとまっていたものをあちこちにひろげる","answer":"ちらかす※よごす※のこす※どける"},{"category":"8","correct":"2","question":"よく似ていることを強くいいたいときに使う","answer":"みごと※まるで※むしろ※または"},{"category":"8","correct":"2","question":"(___)を待つ。","answer":"器械※奇怪※機会※棋界"},{"category":"8","correct":"0","question":"(___)会見に出る。","answer":"記者※汽車※貴社※喜捨"},{"category":"8","correct":"1","question":"常識的なようす","answer":"しぜんに※いっぱんに※たんに※あきらかに"},{"category":"8","correct":"2","question":"高層建築は(___)工事が大切だ。","answer":"基地※基盤※基礎※基本"},{"category":"8","correct":"2","question":"元気よく何かをする","answer":"やくだつ※ふるまう※はりきる※とびだす"},{"category":"8","correct":"2","question":"いくら美人での(___)が悪いのは嫌だ。","answer":"性質※典型※性格※才能"},{"category":"8","correct":"1","question":"静かに何かをするようす","answer":"しいんと※そうっと※ずうっと※きちんと"},{"category":"8","correct":"3","question":"「いつも」とだいたい同じ意味","answer":"ともに※まさに※いまに※つねに"},{"category":"8","correct":"0","question":"ある事をしたくないようすをみせる","answer":"いやがる※ことわる※うたがう※おそれる"},{"category":"8","correct":"3","question":"ボートや自転車を手や足の力で進める","answer":"ぬく※ふる※ほる※こぐ"}]