[{"category":"8","correct":"2","question":"彼が話したことは(___)で、嘘は言っていない。","answer":"事態※事件※事実※事情"},{"category":"8","correct":"1","question":"売り上げから材料費をひくと(___)はほとんどない。","answer":"収入※利益※費用※資本"},{"category":"8","correct":"2","question":"人やものを見つけようと行動する","answer":"さがす※すくう※さぐる※気をつける"},{"category":"8","correct":"1","question":"有効(___)。","answer":"機嫌※期限※起源※紀元"},{"category":"8","correct":"2","question":"(___)して店を経営する。","answer":"教養※教導※共同※指導"},{"category":"8","correct":"3","question":"「いつも」とだいたい同じ意味","answer":"ともに※まさに※いまに※つねに"},{"category":"8","correct":"2","question":"新しく引っ越したことろは子供にはあまりいい(___)とはいえなかった。","answer":"景色※風景※環境※光景"},{"category":"8","correct":"2","question":"(___)を待つ。","answer":"器械※奇怪※機会※棋界"},{"category":"8","correct":"2","question":"そんなにすごくないようす","answer":"たしょう※けっして※たいして※いちおう"},{"category":"8","correct":"3","question":"(___)を解散する。","answer":"義解※期間※議員※議会"},{"category":"8","correct":"3","question":"「だいたい」とだいたい同じ意味","answer":"いくぶん※たとえば※ぐうぜん※およそ"},{"category":"8","correct":"3","question":"財産は(___)にして1億台湾ドルに達する。","answer":"金融※銀行※経済※金額"},{"category":"8","correct":"2","question":"夏は気圧の(___)が多い。","answer":"天道※天童※変動※天候"},{"category":"8","correct":"3","question":"ふしぎなようす","answer":"びみょう※どくとく※とくしゅ※きみょう"},{"category":"8","correct":"2","question":"いっしょうけんめいなようす","answer":"しんこく※しんちょう※しんけん※しんせん"}]