[{"category":"8","correct":"0","question":"品質を厳しく(___)する。","answer":"管理※官吏※監理※環理"},{"category":"8","correct":"3","question":"夢を(___)させるには努力が必要だ。","answer":"現実※現象※表現※実現"},{"category":"8","correct":"2","question":"このまま現状を(___)していくのは難しい。","answer":"継続※連続※維持※接近"},{"category":"8","correct":"0","question":"(___)と偶数。","answer":"奇数※帰趨※基数※記数"},{"category":"8","correct":"2","question":"夏は気圧の(___)が多い。","answer":"天道※天童※変動※天候"},{"category":"8","correct":"2","question":"家を数える","answer":"行※件※軒※席"},{"category":"8","correct":"3","question":"ボートや自転車を手や足の力で進める","answer":"ぬく※ふる※ほる※こぐ"},{"category":"8","correct":"3","question":"店員は客の(___)でとても忙しかった。","answer":"応接※面接※援助※応対"},{"category":"8","correct":"3","question":"漁業に(___)する。","answer":"十字※住持※共同※従事"},{"category":"8","correct":"2","question":"わかったという合図でクビを経てにふる","answer":"ほほえむ※かぐ※うなずく※あおぐ"},{"category":"8","correct":"3","question":"さっぱりして気持ちがいいようす","answer":"ごうか※すてき※こううん※さわやか"},{"category":"8","correct":"3","question":"急に黒い雲が空を(___)雨が降り出した。","answer":"うめて※かぶせて※かくして※おおって"},{"category":"8","correct":"0","question":"うちの母は(___)感覚がまるでない。","answer":"金銭※金融※現金※通貨"},{"category":"8","correct":"2","question":"需要と(___)。","answer":"救急※関係※供給※競争"},{"category":"8","correct":"2","question":"問題をそこに(___)話す。","answer":"搾って※締めて※絞って※しゃべって"}]