[{"category":"8","correct":"0","question":"事の重要性を(___)する。","answer":"強調※協同※共同※協調"},{"category":"8","correct":"2","question":"まだ使えるものがすててあるのを見て惜しいという感じ","answer":"おもいがけない※しかたがない※もったいない※めんどうくさい"},{"category":"8","correct":"3","question":"さっぱりして気持ちがいいようす","answer":"ごうか※すてき※こううん※さわやか"},{"category":"8","correct":"2","question":"家庭用電気(___)。","answer":"危惧※機具※器具※記号"},{"category":"8","correct":"2","question":"皆さん、一緒に(___)しましょう。","answer":"完敗※官幣※乾杯※寒波"},{"category":"8","correct":"3","question":"夢を(___)させるには努力が必要だ。","answer":"現実※現象※表現※実現"},{"category":"8","correct":"2","question":"自分のすきなものを趣味として集めたもの","answer":"オートメーション※コミュニケーション※コレクション※レクレーション"},{"category":"8","correct":"3","question":"財産は(___)にして1億台湾ドルに達する。","answer":"金融※銀行※経済※金額"},{"category":"8","correct":"1","question":"今までしてきた仕事を(___)されて主任になった。","answer":"批判※評価※評判※審判"},{"category":"8","correct":"1","question":"食べ物が悪くなって食べられなくなる","answer":"こぼす※くさる※こげる※さびる"},{"category":"8","correct":"0","question":"おもいがけない得をする","answer":"もうける※かせぐ※たすかる※ねらう"},{"category":"8","correct":"1","question":"入国を(___)する。","answer":"計算※許可※区域※禁煙"},{"category":"8","correct":"0","question":"彼女に(___)する。","answer":"求婚※婚約※結婚※離婚"},{"category":"8","correct":"1","question":"常識的なようす","answer":"しぜんに※いっぱんに※たんに※あきらかに"},{"category":"8","correct":"0","question":"(___)と偶数。","answer":"奇数※帰趨※基数※記数"}]