[{"category":"8","correct":"2","question":"問題をそこに(___)話す。","answer":"搾って※締めて※絞って※しゃべって"},{"category":"8","correct":"3","question":"少数意見も(___)すべきだ。","answer":"敬意※謙虚※恐縮※尊重"},{"category":"8","correct":"2","question":"家を数える","answer":"行※件※軒※席"},{"category":"8","correct":"3","question":"風邪の(___)を怠ってはいけない。","answer":"検討※予備※準備※予防"},{"category":"8","correct":"2","question":"することが複雑でよくわからない感じ","answer":"むだ※でたらめ※めんどう※めいわく"},{"category":"8","correct":"0","question":"気象（＿＿）する。","answer":"観測※観足※環側※観即"},{"category":"8","correct":"1","question":"有効(___)。","answer":"機嫌※期限※起源※紀元"},{"category":"8","correct":"1","question":"留学するそうですが、(___)はどのくらいですか。","answer":"期限※期間※間隔※時期"},{"category":"8","correct":"3","question":"私は心臓が悪いと医者に(___)された。","answer":"診察※決心※判断※診断"},{"category":"8","correct":"1","question":"いきおいよく進むようす","answer":"たびたび※どんどん※まあまあ※しばしば"},{"category":"8","correct":"1","question":"今までしてきた仕事を(___)されて主任になった。","answer":"批判※評価※評判※審判"},{"category":"8","correct":"0","question":"手紙を数える","answer":"通※行※件※席"},{"category":"8","correct":"0","question":"(___)と偶数。","answer":"奇数※帰趨※基数※記数"},{"category":"8","correct":"2","question":"いくら美人での(___)が悪いのは嫌だ。","answer":"性質※典型※性格※才能"},{"category":"8","correct":"3","question":"漁業に(___)する。","answer":"十字※住持※共同※従事"}]