[{"category":"8","correct":"2","question":"皆さん、一緒に(___)しましょう。","answer":"完敗※官幣※乾杯※寒波"},{"category":"8","correct":"2","question":"人やものを見つけようと行動する","answer":"さがす※すくう※さぐる※気をつける"},{"category":"8","correct":"3","question":"家族全員で会社を(___)している。","answer":"企業※商社※営業※経営"},{"category":"8","correct":"3","question":"（＿＿）気候。","answer":"歓待※艦隊※寛怠※寒帯"},{"category":"8","correct":"3","question":"風邪の(___)を怠ってはいけない。","answer":"検討※予備※準備※予防"},{"category":"8","correct":"1","question":"留学するそうですが、(___)はどのくらいですか。","answer":"期限※期間※間隔※時期"},{"category":"8","correct":"2","question":"手や道具で何回もくりかえし打つ","answer":"なぐる※ぶつ※たたく※さす"},{"category":"8","correct":"2","question":"彼が話したことは(___)で、嘘は言っていない。","answer":"事態※事件※事実※事情"},{"category":"8","correct":"2","question":"自分のすきなものを趣味として集めたもの","answer":"オートメーション※コミュニケーション※コレクション※レクレーション"},{"category":"8","correct":"0","question":"毎朝6時に(___)する。","answer":"起床※気象※気性※稀少"},{"category":"8","correct":"0","question":"国立競技場は日曜日には市民に(___)される。","answer":"開放※開通※開始※開会"},{"category":"8","correct":"3","question":"「いつも」とだいたい同じ意味","answer":"ともに※まさに※いまに※つねに"},{"category":"8","correct":"2","question":"日系(___)で働く。","answer":"起業※機業※企業※査証"},{"category":"8","correct":"1","question":"今までしてきた仕事を(___)されて主任になった。","answer":"批判※評価※評判※審判"},{"category":"8","correct":"3","question":"たたみの数を数える","answer":"行※件※席※畳"}]