[{"category":"8","correct":"3","question":"(___)を解散する。","answer":"義解※期間※議員※議会"},{"category":"8","correct":"3","question":"夢を(___)させるには努力が必要だ。","answer":"現実※現象※表現※実現"},{"category":"8","correct":"0","question":"輪を書くような形に動かす","answer":"回す※巻く※めぐる※むすぶ"},{"category":"8","correct":"2","question":"することが複雑でよくわからない感じ","answer":"むだ※でたらめ※めんどう※めいわく"},{"category":"8","correct":"3","question":"水の中で死にそうになる","answer":"もぐる※とどまる※ころがる※おぼれる"},{"category":"8","correct":"3","question":"今年は少し長い(___)をとって、海外旅行をするつもりだ。","answer":"休業※休息※休養※休暇"},{"category":"8","correct":"2","question":"このまま現状を(___)していくのは難しい。","answer":"継続※連続※維持※接近"},{"category":"8","correct":"2","question":"しんせんなようす","answer":"ぴかぴか※はきはき※いきいき※のろのろ"},{"category":"8","correct":"3","question":"「いつも」とだいたい同じ意味","answer":"ともに※まさに※いまに※つねに"},{"category":"8","correct":"2","question":"人やものを見つけようと行動する","answer":"さがす※すくう※さぐる※気をつける"},{"category":"8","correct":"1","question":"寮では(___)正しい生活をしなければならない。","answer":"定期※規律※法則※条件"},{"category":"8","correct":"1","question":"空気が(___)している。","answer":"感想※乾燥※観想※歓送"},{"category":"8","correct":"2","question":"日系(___)で働く。","answer":"起業※機業※企業※査証"},{"category":"8","correct":"1","question":"レストランで食事をするときは(___)をよくしなさい。","answer":"礼儀※行儀※儀式※道徳"},{"category":"8","correct":"3","question":"少数意見も(___)すべきだ。","answer":"敬意※謙虚※恐縮※尊重"}]