[{"category":"8","correct":"1","question":"人に聞かれたくないので、(___)ように話した。","answer":"ほえる※ささやくく※さけぶ※だまる"},{"category":"8","correct":"2","question":"まだ使えるものがすててあるのを見て惜しいという感じ","answer":"おもいがけない※しかたがない※もったいない※めんどうくさい"},{"category":"8","correct":"1","question":"常識的なようす","answer":"しぜんに※いっぱんに※たんに※あきらかに"},{"category":"8","correct":"0","question":"病気で調子が悪く、試験では(___)を出せなかった。","answer":"実力※能力※学力※知識"},{"category":"8","correct":"2","question":"妹は私があげたセーターが(___)いるようで毎日着ている。","answer":"愛して※かわいがって※気に入って※好んで"},{"category":"8","correct":"2","question":"言うのは簡単だが(___)にうつすのが大変なんだ。","answer":"実用※実現※実行※実施"},{"category":"8","correct":"3","question":"何かをとおして向こう側が見える","answer":"澄む※だぶる※にごる※すきとおる"},{"category":"8","correct":"0","question":"家屋の(___)がしっかりしている。","answer":"基礎※起訴※帰巣※基層"},{"category":"8","correct":"2","question":"いっしょうけんめいなようす","answer":"しんこく※しんちょう※しんけん※しんせん"},{"category":"8","correct":"0","question":"輪を書くような形に動かす","answer":"回す※巻く※めぐる※むすぶ"},{"category":"8","correct":"3","question":"(___)を解散する。","answer":"義解※期間※議員※議会"},{"category":"8","correct":"1","question":"賄賂事件に(___)した問題を調べる。","answer":"環形※関連※還啓※姦計"},{"category":"8","correct":"1","question":"入国を(___)する。","answer":"計算※許可※区域※禁煙"},{"category":"8","correct":"2","question":"高層建築は(___)工事が大切だ。","answer":"基地※基盤※基礎※基本"},{"category":"8","correct":"2","question":"夏は気圧の(___)が多い。","answer":"天道※天童※変動※天候"}]