[{"category":"8","correct":"2","question":"彼が話したことは(___)で、嘘は言っていない。","answer":"事態※事件※事実※事情"},{"category":"8","correct":"1","question":"入国を(___)する。","answer":"計算※許可※区域※禁煙"},{"category":"8","correct":"1","question":"（＿＿）を述べる。","answer":"歓送※感想※観想※間奏"},{"category":"8","correct":"1","question":"米でアイスを作るなんておもしろい(___)だ。","answer":"思想※発想※想像※空想"},{"category":"8","correct":"2","question":"言うのは簡単だが(___)にうつすのが大変なんだ。","answer":"実用※実現※実行※実施"},{"category":"8","correct":"3","question":"ふしぎなようす","answer":"びみょう※どくとく※とくしゅ※きみょう"},{"category":"8","correct":"0","question":"(___)と偶数。","answer":"奇数※帰趨※基数※記数"},{"category":"8","correct":"3","question":"（＿＿）気候。","answer":"歓待※艦隊※寛怠※寒帯"},{"category":"8","correct":"2","question":"よく似ていることを強くいいたいときに使う","answer":"みごと※まるで※むしろ※または"},{"category":"8","correct":"1","question":"売り上げから材料費をひくと(___)はほとんどない。","answer":"収入※利益※費用※資本"},{"category":"8","correct":"0","question":"(___)会見に出る。","answer":"記者※汽車※貴社※喜捨"},{"category":"8","correct":"3","question":"少数意見も(___)すべきだ。","answer":"敬意※謙虚※恐縮※尊重"},{"category":"8","correct":"1","question":"たたむようにまげる","answer":"やぶる※おる※ねじる※つぶれる"},{"category":"8","correct":"2","question":"家庭用電気(___)。","answer":"危惧※機具※器具※記号"},{"category":"8","correct":"3","question":"(___)を解散する。","answer":"義解※期間※議員※議会"}]