[{"category":"8","correct":"1","question":"新しい予算案が国会で(___)された。","answer":"確認※承認※確立※確実"},{"category":"8","correct":"1","question":"被害者を(___)する。","answer":"安否※救助※休養※期待"},{"category":"8","correct":"1","question":"（＿＿）を述べる。","answer":"歓送※感想※観想※間奏"},{"category":"8","correct":"2","question":"需要と(___)。","answer":"救急※関係※供給※競争"},{"category":"8","correct":"1","question":"今までしてきた仕事を(___)されて主任になった。","answer":"批判※評価※評判※審判"},{"category":"8","correct":"3","question":"トランプなどで将来のことを見る","answer":"おぎなう※こころえる※いだく※うらなう"},{"category":"8","correct":"2","question":"いくら美人での(___)が悪いのは嫌だ。","answer":"性質※典型※性格※才能"},{"category":"8","correct":"2","question":"薬などのはたらきがとてもよくあらわれる","answer":"える※あてはまる※きく※うけとる"},{"category":"8","correct":"2","question":"いっしょうけんめいなようす","answer":"しんこく※しんちょう※しんけん※しんせん"},{"category":"8","correct":"2","question":"しんせんなようす","answer":"ぴかぴか※はきはき※いきいき※のろのろ"},{"category":"8","correct":"3","question":"今年は少し長い(___)をとって、海外旅行をするつもりだ。","answer":"休業※休息※休養※休暇"},{"category":"8","correct":"1","question":"人に聞かれたくないので、(___)ように話した。","answer":"ほえる※ささやくく※さけぶ※だまる"},{"category":"8","correct":"1","question":"仕事をしてもらうために会社に入れる","answer":"もどす※やとう※もちいる※まねく"},{"category":"8","correct":"3","question":"夢を(___)させるには努力が必要だ。","answer":"現実※現象※表現※実現"},{"category":"8","correct":"0","question":"まとまっていたものをあちこちにひろげる","answer":"ちらかす※よごす※のこす※どける"}]