[{"category":"8","correct":"2","question":"日系(___)で働く。","answer":"起業※機業※企業※査証"},{"category":"8","correct":"0","question":"彼女に(___)する。","answer":"求婚※婚約※結婚※離婚"},{"category":"8","correct":"2","question":"家庭用電気(___)。","answer":"危惧※機具※器具※記号"},{"category":"8","correct":"0","question":"２つのもののあいだに差がないようす","answer":"ひとしい※したしい※おしい※しかくい"},{"category":"8","correct":"3","question":"（＿＿）気候。","answer":"歓待※艦隊※寛怠※寒帯"},{"category":"8","correct":"0","question":"毎朝6時に(___)する。","answer":"起床※気象※気性※稀少"},{"category":"8","correct":"0","question":"事の重要性を(___)する。","answer":"強調※協同※共同※協調"},{"category":"8","correct":"1","question":"新しい予算案が国会で(___)された。","answer":"確認※承認※確立※確実"},{"category":"8","correct":"2","question":"このまま現状を(___)していくのは難しい。","answer":"継続※連続※維持※接近"},{"category":"8","correct":"0","question":"病気で調子が悪く、試験では(___)を出せなかった。","answer":"実力※能力※学力※知識"},{"category":"8","correct":"2","question":"元気よく何かをする","answer":"やくだつ※ふるまう※はりきる※とびだす"},{"category":"8","correct":"2","question":"しんせんなようす","answer":"ぴかぴか※はきはき※いきいき※のろのろ"},{"category":"8","correct":"0","question":"ある事をしたくないようすをみせる","answer":"いやがる※ことわる※うたがう※おそれる"},{"category":"8","correct":"3","question":"店員は客の(___)でとても忙しかった。","answer":"応接※面接※援助※応対"},{"category":"8","correct":"2","question":"(___)して店を経営する。","answer":"教養※教導※共同※指導"}]