[{"category":"8","correct":"3","question":"財産は(___)にして1億台湾ドルに達する。","answer":"金融※銀行※経済※金額"},{"category":"8","correct":"3","question":"船の数を数える","answer":"通※件※行※せき"},{"category":"8","correct":"1","question":"いきおいよく進むようす","answer":"たびたび※どんどん※まあまあ※しばしば"},{"category":"8","correct":"0","question":"(___)会見に出る。","answer":"記者※汽車※貴社※喜捨"},{"category":"8","correct":"1","question":"新しい予算案が国会で(___)された。","answer":"確認※承認※確立※確実"},{"category":"8","correct":"2","question":"新しく引っ越したことろは子供にはあまりいい(___)とはいえなかった。","answer":"景色※風景※環境※光景"},{"category":"8","correct":"2","question":"薬などのはたらきがとてもよくあらわれる","answer":"える※あてはまる※きく※うけとる"},{"category":"8","correct":"0","question":"ある事をしたくないようすをみせる","answer":"いやがる※ことわる※うたがう※おそれる"},{"category":"8","correct":"2","question":"いくら美人での(___)が悪いのは嫌だ。","answer":"性質※典型※性格※才能"},{"category":"8","correct":"0","question":"まとまっていたものをあちこちにひろげる","answer":"ちらかす※よごす※のこす※どける"},{"category":"8","correct":"2","question":"自分のすきなものを趣味として集めたもの","answer":"オートメーション※コミュニケーション※コレクション※レクレーション"},{"category":"8","correct":"1","question":"人に聞かれたくないので、(___)ように話した。","answer":"ほえる※ささやくく※さけぶ※だまる"},{"category":"8","correct":"1","question":"常識的なようす","answer":"しぜんに※いっぱんに※たんに※あきらかに"},{"category":"8","correct":"3","question":"少数意見も(___)すべきだ。","answer":"敬意※謙虚※恐縮※尊重"},{"category":"8","correct":"0","question":"手紙を数える","answer":"通※行※件※席"}]