[{"category":"8","correct":"3","question":"後ろから行って前にでる","answer":"追いつく※追う※追いかける※追い越す"},{"category":"8","correct":"0","question":"(___)会見に出る。","answer":"記者※汽車※貴社※喜捨"},{"category":"8","correct":"3","question":"さっぱりして気持ちがいいようす","answer":"ごうか※すてき※こううん※さわやか"},{"category":"8","correct":"3","question":"(___)を解散する。","answer":"義解※期間※議員※議会"},{"category":"8","correct":"0","question":"２つのもののあいだに差がないようす","answer":"ひとしい※したしい※おしい※しかくい"},{"category":"8","correct":"3","question":"たたみの数を数える","answer":"行※件※席※畳"},{"category":"8","correct":"1","question":"今までしてきた仕事を(___)されて主任になった。","answer":"批判※評価※評判※審判"},{"category":"8","correct":"0","question":"輪を書くような形に動かす","answer":"回す※巻く※めぐる※むすぶ"},{"category":"8","correct":"1","question":"人に聞かれたくないので、(___)ように話した。","answer":"ほえる※ささやくく※さけぶ※だまる"},{"category":"8","correct":"2","question":"(___)して店を経営する。","answer":"教養※教導※共同※指導"},{"category":"8","correct":"0","question":"手紙を数える","answer":"通※行※件※席"},{"category":"8","correct":"1","question":"留学するそうですが、(___)はどのくらいですか。","answer":"期限※期間※間隔※時期"},{"category":"8","correct":"3","question":"ふしぎなようす","answer":"びみょう※どくとく※とくしゅ※きみょう"},{"category":"8","correct":"3","question":"（＿＿）気候。","answer":"歓待※艦隊※寛怠※寒帯"},{"category":"8","correct":"1","question":"常識的なようす","answer":"しぜんに※いっぱんに※たんに※あきらかに"}]