[{"category":"8","correct":"2","question":"家を数える","answer":"行※件※軒※席"},{"category":"8","correct":"1","question":"（＿＿）を述べる。","answer":"歓送※感想※観想※間奏"},{"category":"8","correct":"0","question":"ある事をしたくないようすをみせる","answer":"いやがる※ことわる※うたがう※おそれる"},{"category":"8","correct":"0","question":"彼女に(___)する。","answer":"求婚※婚約※結婚※離婚"},{"category":"8","correct":"3","question":"（＿＿）気候。","answer":"歓待※艦隊※寛怠※寒帯"},{"category":"8","correct":"2","question":"よく似ているようす","answer":"うっかり※たっぷり※そっくり※さっぱり"},{"category":"8","correct":"0","question":"病気などで顔色が悪いようす","answer":"あおじろい※まみどり※ピンクっぽい※まっくろ"},{"category":"8","correct":"0","question":"うちの母は(___)感覚がまるでない。","answer":"金銭※金融※現金※通貨"},{"category":"8","correct":"2","question":"元気よく何かをする","answer":"やくだつ※ふるまう※はりきる※とびだす"},{"category":"8","correct":"2","question":"しんせんなようす","answer":"ぴかぴか※はきはき※いきいき※のろのろ"},{"category":"8","correct":"0","question":"手紙を数える","answer":"通※行※件※席"},{"category":"8","correct":"3","question":"(___)を解散する。","answer":"義解※期間※議員※議会"},{"category":"8","correct":"2","question":"まだ使えるものがすててあるのを見て惜しいという感じ","answer":"おもいがけない※しかたがない※もったいない※めんどうくさい"},{"category":"8","correct":"2","question":"(___)して店を経営する。","answer":"教養※教導※共同※指導"},{"category":"8","correct":"0","question":"おもいがけない得をする","answer":"もうける※かせぐ※たすかる※ねらう"}]