[{"category":"8","correct":"3","question":"水の中で死にそうになる","answer":"もぐる※とどまる※ころがる※おぼれる"},{"category":"8","correct":"1","question":"たたむようにまげる","answer":"やぶる※おる※ねじる※つぶれる"},{"category":"8","correct":"0","question":"手紙を数える","answer":"通※行※件※席"},{"category":"8","correct":"0","question":"品質を厳しく(___)する。","answer":"管理※官吏※監理※環理"},{"category":"8","correct":"1","question":"人に聞かれたくないので、(___)ように話した。","answer":"ほえる※ささやくく※さけぶ※だまる"},{"category":"8","correct":"3","question":"漁業に(___)する。","answer":"十字※住持※共同※従事"},{"category":"8","correct":"3","question":"後ろから行って前にでる","answer":"追いつく※追う※追いかける※追い越す"},{"category":"8","correct":"3","question":"ふしぎなようす","answer":"びみょう※どくとく※とくしゅ※きみょう"},{"category":"8","correct":"3","question":"船の数を数える","answer":"通※件※行※せき"},{"category":"8","correct":"2","question":"手や道具で何回もくりかえし打つ","answer":"なぐる※ぶつ※たたく※さす"},{"category":"8","correct":"2","question":"夏は気圧の(___)が多い。","answer":"天道※天童※変動※天候"},{"category":"8","correct":"3","question":"トランプなどで将来のことを見る","answer":"おぎなう※こころえる※いだく※うらなう"},{"category":"8","correct":"2","question":"言うのは簡単だが(___)にうつすのが大変なんだ。","answer":"実用※実現※実行※実施"},{"category":"8","correct":"0","question":"このあたりは(___)がかたいので大きな地震がきても大丈夫だ。","answer":"地盤※地面※大陸※地質"},{"category":"8","correct":"0","question":"病気で調子が悪く、試験では(___)を出せなかった。","answer":"実力※能力※学力※知識"}]