[{"category":"8","correct":"3","question":"今年は少し長い(___)をとって、海外旅行をするつもりだ。","answer":"休業※休息※休養※休暇"},{"category":"8","correct":"0","question":"(___)のある人。","answer":"教養※強要※教育※協会"},{"category":"8","correct":"1","question":"静かに何かをするようす","answer":"しいんと※そうっと※ずうっと※きちんと"},{"category":"8","correct":"0","question":"国立競技場は日曜日には市民に(___)される。","answer":"開放※開通※開始※開会"},{"category":"8","correct":"3","question":"後ろから行って前にでる","answer":"追いつく※追う※追いかける※追い越す"},{"category":"8","correct":"3","question":"漁業に(___)する。","answer":"十字※住持※共同※従事"},{"category":"8","correct":"1","question":"今までしてきた仕事を(___)されて主任になった。","answer":"批判※評価※評判※審判"},{"category":"8","correct":"1","question":"入国を(___)する。","answer":"計算※許可※区域※禁煙"},{"category":"8","correct":"2","question":"わかったという合図でクビを経てにふる","answer":"ほほえむ※かぐ※うなずく※あおぐ"},{"category":"8","correct":"0","question":"まとまっていたものをあちこちにひろげる","answer":"ちらかす※よごす※のこす※どける"},{"category":"8","correct":"3","question":"（＿＿）気候。","answer":"歓待※艦隊※寛怠※寒帯"},{"category":"8","correct":"2","question":"このまま現状を(___)していくのは難しい。","answer":"継続※連続※維持※接近"},{"category":"8","correct":"2","question":"彼が話したことは(___)で、嘘は言っていない。","answer":"事態※事件※事実※事情"},{"category":"8","correct":"2","question":"問題をそこに(___)話す。","answer":"搾って※締めて※絞って※しゃべって"},{"category":"8","correct":"1","question":"賄賂事件に(___)した問題を調べる。","answer":"環形※関連※還啓※姦計"}]