[{"category":"8","correct":"2","question":"することが複雑でよくわからない感じ","answer":"むだ※でたらめ※めんどう※めいわく"},{"category":"8","correct":"0","question":"家屋の(___)がしっかりしている。","answer":"基礎※起訴※帰巣※基層"},{"category":"8","correct":"0","question":"全部を終わらせる","answer":"すませる※しめきる※まとめる※しあがる"},{"category":"8","correct":"1","question":"静かに何かをするようす","answer":"しいんと※そうっと※ずうっと※きちんと"},{"category":"8","correct":"2","question":"自分のすきなものを趣味として集めたもの","answer":"オートメーション※コミュニケーション※コレクション※レクレーション"},{"category":"8","correct":"3","question":"「いつも」とだいたい同じ意味","answer":"ともに※まさに※いまに※つねに"},{"category":"8","correct":"2","question":"そんなにすごくないようす","answer":"たしょう※けっして※たいして※いちおう"},{"category":"8","correct":"3","question":"ふしぎなようす","answer":"びみょう※どくとく※とくしゅ※きみょう"},{"category":"8","correct":"0","question":"彼女に(___)する。","answer":"求婚※婚約※結婚※離婚"},{"category":"8","correct":"2","question":"元気よく何かをする","answer":"やくだつ※ふるまう※はりきる※とびだす"},{"category":"8","correct":"0","question":"(___)会見に出る。","answer":"記者※汽車※貴社※喜捨"},{"category":"8","correct":"2","question":"いくら美人での(___)が悪いのは嫌だ。","answer":"性質※典型※性格※才能"},{"category":"8","correct":"3","question":"(___)を解散する。","answer":"義解※期間※議員※議会"},{"category":"8","correct":"1","question":"いきおいよく進むようす","answer":"たびたび※どんどん※まあまあ※しばしば"},{"category":"8","correct":"0","question":"まとまっていたものをあちこちにひろげる","answer":"ちらかす※よごす※のこす※どける"}]