[{"category":"8","correct":"0","question":"(___)のある人。","answer":"教養※強要※教育※協会"},{"category":"8","correct":"2","question":"(___)を待つ。","answer":"器械※奇怪※機会※棋界"},{"category":"8","correct":"3","question":"少数意見も(___)すべきだ。","answer":"敬意※謙虚※恐縮※尊重"},{"category":"8","correct":"2","question":"薬などのはたらきがとてもよくあらわれる","answer":"える※あてはまる※きく※うけとる"},{"category":"8","correct":"2","question":"よく似ているようす","answer":"うっかり※たっぷり※そっくり※さっぱり"},{"category":"8","correct":"2","question":"需要と(___)。","answer":"救急※関係※供給※競争"},{"category":"8","correct":"2","question":"しんせんなようす","answer":"ぴかぴか※はきはき※いきいき※のろのろ"},{"category":"8","correct":"1","question":"食べ物が悪くなって食べられなくなる","answer":"こぼす※くさる※こげる※さびる"},{"category":"8","correct":"2","question":"彼が試合で(___)した記事が新聞にのっていた。","answer":"活動※活気※活躍※活用"},{"category":"8","correct":"2","question":"家を数える","answer":"行※件※軒※席"},{"category":"8","correct":"0","question":"全部を終わらせる","answer":"すませる※しめきる※まとめる※しあがる"},{"category":"8","correct":"2","question":"皆さん、一緒に(___)しましょう。","answer":"完敗※官幣※乾杯※寒波"},{"category":"8","correct":"0","question":"病気で調子が悪く、試験では(___)を出せなかった。","answer":"実力※能力※学力※知識"},{"category":"8","correct":"1","question":"仕事をしてもらうために会社に入れる","answer":"もどす※やとう※もちいる※まねく"},{"category":"8","correct":"2","question":"元気よく何かをする","answer":"やくだつ※ふるまう※はりきる※とびだす"}]