[{"category":"8","correct":"2","question":"薬などのはたらきがとてもよくあらわれる","answer":"える※あてはまる※きく※うけとる"},{"category":"8","correct":"1","question":"空気が(___)している。","answer":"感想※乾燥※観想※歓送"},{"category":"8","correct":"2","question":"まだ使えるものがすててあるのを見て惜しいという感じ","answer":"おもいがけない※しかたがない※もったいない※めんどうくさい"},{"category":"8","correct":"2","question":"(___)を待つ。","answer":"器械※奇怪※機会※棋界"},{"category":"8","correct":"0","question":"(___)と偶数。","answer":"奇数※帰趨※基数※記数"},{"category":"8","correct":"0","question":"家屋の(___)がしっかりしている。","answer":"基礎※起訴※帰巣※基層"},{"category":"8","correct":"2","question":"彼が話したことは(___)で、嘘は言っていない。","answer":"事態※事件※事実※事情"},{"category":"8","correct":"3","question":"たたみの数を数える","answer":"行※件※席※畳"},{"category":"8","correct":"0","question":"気象（＿＿）する。","answer":"観測※観足※環側※観即"},{"category":"8","correct":"3","question":"後ろから行って前にでる","answer":"追いつく※追う※追いかける※追い越す"},{"category":"8","correct":"1","question":"売り上げから材料費をひくと(___)はほとんどない。","answer":"収入※利益※費用※資本"},{"category":"8","correct":"3","question":"さっぱりして気持ちがいいようす","answer":"ごうか※すてき※こううん※さわやか"},{"category":"8","correct":"3","question":"船の数を数える","answer":"通※件※行※せき"},{"category":"8","correct":"0","question":"(___)会見に出る。","answer":"記者※汽車※貴社※喜捨"},{"category":"8","correct":"0","question":"輪を書くような形に動かす","answer":"回す※巻く※めぐる※むすぶ"}]