[{"category":"8","correct":"1","question":"有効(___)。","answer":"機嫌※期限※起源※紀元"},{"category":"8","correct":"0","question":"家屋の(___)がしっかりしている。","answer":"基礎※起訴※帰巣※基層"},{"category":"8","correct":"3","question":"私は心臓が悪いと医者に(___)された。","answer":"診察※決心※判断※診断"},{"category":"8","correct":"1","question":"米でアイスを作るなんておもしろい(___)だ。","answer":"思想※発想※想像※空想"},{"category":"8","correct":"0","question":"全部を終わらせる","answer":"すませる※しめきる※まとめる※しあがる"},{"category":"8","correct":"0","question":"(___)会見に出る。","answer":"記者※汽車※貴社※喜捨"},{"category":"8","correct":"3","question":"急に黒い雲が空を(___)雨が降り出した。","answer":"うめて※かぶせて※かくして※おおって"},{"category":"8","correct":"2","question":"高層建築は(___)工事が大切だ。","answer":"基地※基盤※基礎※基本"},{"category":"8","correct":"3","question":"財産は(___)にして1億台湾ドルに達する。","answer":"金融※銀行※経済※金額"},{"category":"8","correct":"2","question":"肌をかきたい感じ","answer":"けむい※にぶい※かゆい※つらい"},{"category":"8","correct":"2","question":"よく似ていることを強くいいたいときに使う","answer":"みごと※まるで※むしろ※または"},{"category":"8","correct":"0","question":"このあたりは(___)がかたいので大きな地震がきても大丈夫だ。","answer":"地盤※地面※大陸※地質"},{"category":"8","correct":"0","question":"輪を書くような形に動かす","answer":"回す※巻く※めぐる※むすぶ"},{"category":"8","correct":"0","question":"何かをするときに、もう一つの事もいっしょにすること","answer":"ついでに※わりあいに※よけいに※ひとりでに"},{"category":"8","correct":"0","question":"国立競技場は日曜日には市民に(___)される。","answer":"開放※開通※開始※開会"}]