[{"category":"8","correct":"0","question":"(___)のある人。","answer":"教養※強要※教育※協会"},{"category":"8","correct":"2","question":"新しく引っ越したことろは子供にはあまりいい(___)とはいえなかった。","answer":"景色※風景※環境※光景"},{"category":"8","correct":"3","question":"水の中で死にそうになる","answer":"もぐる※とどまる※ころがる※おぼれる"},{"category":"8","correct":"2","question":"肌をかきたい感じ","answer":"けむい※にぶい※かゆい※つらい"},{"category":"8","correct":"0","question":"彼女に(___)する。","answer":"求婚※婚約※結婚※離婚"},{"category":"8","correct":"0","question":"手紙を数える","answer":"通※行※件※席"},{"category":"8","correct":"3","question":"後ろから行って前にでる","answer":"追いつく※追う※追いかける※追い越す"},{"category":"8","correct":"3","question":"たたみの数を数える","answer":"行※件※席※畳"},{"category":"8","correct":"2","question":"妹は私があげたセーターが(___)いるようで毎日着ている。","answer":"愛して※かわいがって※気に入って※好んで"},{"category":"8","correct":"2","question":"高層建築は(___)工事が大切だ。","answer":"基地※基盤※基礎※基本"},{"category":"8","correct":"3","question":"家族全員で会社を(___)している。","answer":"企業※商社※営業※経営"},{"category":"8","correct":"3","question":"ボートや自転車を手や足の力で進める","answer":"ぬく※ふる※ほる※こぐ"},{"category":"8","correct":"1","question":"空気が(___)している。","answer":"感想※乾燥※観想※歓送"},{"category":"8","correct":"3","question":"「いつも」とだいたい同じ意味","answer":"ともに※まさに※いまに※つねに"},{"category":"8","correct":"3","question":"大学の敷地","answer":"センター※スクール※キャンプ※キャンパス"}]