[{"category":"8","correct":"2","question":"いくら美人での(___)が悪いのは嫌だ。","answer":"性質※典型※性格※才能"},{"category":"8","correct":"0","question":"輪を書くような形に動かす","answer":"回す※巻く※めぐる※むすぶ"},{"category":"8","correct":"2","question":"人やものを見つけようと行動する","answer":"さがす※すくう※さぐる※気をつける"},{"category":"8","correct":"0","question":"(___)のある人。","answer":"教養※強要※教育※協会"},{"category":"8","correct":"0","question":"気象（＿＿）する。","answer":"観測※観足※環側※観即"},{"category":"8","correct":"2","question":"わかったという合図でクビを経てにふる","answer":"ほほえむ※かぐ※うなずく※あおぐ"},{"category":"8","correct":"1","question":"静かに何かをするようす","answer":"しいんと※そうっと※ずうっと※きちんと"},{"category":"8","correct":"0","question":"全部を終わらせる","answer":"すませる※しめきる※まとめる※しあがる"},{"category":"8","correct":"2","question":"いっしょうけんめいなようす","answer":"しんこく※しんちょう※しんけん※しんせん"},{"category":"8","correct":"2","question":"(___)を待つ。","answer":"器械※奇怪※機会※棋界"},{"category":"8","correct":"3","question":"水の中で死にそうになる","answer":"もぐる※とどまる※ころがる※おぼれる"},{"category":"8","correct":"3","question":"たたみの数を数える","answer":"行※件※席※畳"},{"category":"8","correct":"2","question":"(___)を待つ。","answer":"器械※奇怪※機会※棋界"},{"category":"8","correct":"0","question":"うちの母は(___)感覚がまるでない。","answer":"金銭※金融※現金※通貨"},{"category":"8","correct":"3","question":"夢を(___)させるには努力が必要だ。","answer":"現実※現象※表現※実現"}]