[{"category":"8","correct":"3","question":"(___)を解散する。","answer":"義解※期間※議員※議会"},{"category":"8","correct":"3","question":"私は心臓が悪いと医者に(___)された。","answer":"診察※決心※判断※診断"},{"category":"8","correct":"2","question":"家を数える","answer":"行※件※軒※席"},{"category":"8","correct":"3","question":"財産は(___)にして1億台湾ドルに達する。","answer":"金融※銀行※経済※金額"},{"category":"8","correct":"2","question":"しんせんなようす","answer":"ぴかぴか※はきはき※いきいき※のろのろ"},{"category":"8","correct":"0","question":"事の重要性を(___)する。","answer":"強調※協同※共同※協調"},{"category":"8","correct":"1","question":"食べ物が悪くなって食べられなくなる","answer":"こぼす※くさる※こげる※さびる"},{"category":"8","correct":"1","question":"たたむようにまげる","answer":"やぶる※おる※ねじる※つぶれる"},{"category":"8","correct":"2","question":"まだ使えるものがすててあるのを見て惜しいという感じ","answer":"おもいがけない※しかたがない※もったいない※めんどうくさい"},{"category":"8","correct":"0","question":"(___)会見に出る。","answer":"記者※汽車※貴社※喜捨"},{"category":"8","correct":"0","question":"家屋の(___)がしっかりしている。","answer":"基礎※起訴※帰巣※基層"},{"category":"8","correct":"0","question":"おもいがけない得をする","answer":"もうける※かせぐ※たすかる※ねらう"},{"category":"8","correct":"1","question":"米でアイスを作るなんておもしろい(___)だ。","answer":"思想※発想※想像※空想"},{"category":"8","correct":"0","question":"気象（＿＿）する。","answer":"観測※観足※環側※観即"},{"category":"8","correct":"3","question":"今日は海が(___)いるので船が出せない。","answer":"さからって※あらそって※あばれて※あれて"}]