[{"category":"8","correct":"2","question":"薬などのはたらきがとてもよくあらわれる","answer":"える※あてはまる※きく※うけとる"},{"category":"8","correct":"2","question":"自分のすきなものを趣味として集めたもの","answer":"オートメーション※コミュニケーション※コレクション※レクレーション"},{"category":"8","correct":"2","question":"元気よく何かをする","answer":"やくだつ※ふるまう※はりきる※とびだす"},{"category":"8","correct":"2","question":"妹は私があげたセーターが(___)いるようで毎日着ている。","answer":"愛して※かわいがって※気に入って※好んで"},{"category":"8","correct":"3","question":"家族全員で会社を(___)している。","answer":"企業※商社※営業※経営"},{"category":"8","correct":"1","question":"（＿＿）を述べる。","answer":"歓送※感想※観想※間奏"},{"category":"8","correct":"2","question":"彼が試合で(___)した記事が新聞にのっていた。","answer":"活動※活気※活躍※活用"},{"category":"8","correct":"2","question":"(___)を待つ。","answer":"器械※奇怪※機会※棋界"},{"category":"8","correct":"1","question":"レストランで食事をするときは(___)をよくしなさい。","answer":"礼儀※行儀※儀式※道徳"},{"category":"8","correct":"3","question":"さっぱりして気持ちがいいようす","answer":"ごうか※すてき※こううん※さわやか"},{"category":"8","correct":"3","question":"ふしぎなようす","answer":"びみょう※どくとく※とくしゅ※きみょう"},{"category":"8","correct":"1","question":"静かに何かをするようす","answer":"しいんと※そうっと※ずうっと※きちんと"},{"category":"8","correct":"1","question":"今までしてきた仕事を(___)されて主任になった。","answer":"批判※評価※評判※審判"},{"category":"8","correct":"2","question":"家庭用電気(___)。","answer":"危惧※機具※器具※記号"},{"category":"8","correct":"3","question":"後ろから行って前にでる","answer":"追いつく※追う※追いかける※追い越す"}]