[{"category":"8","correct":"3","question":"私は心臓が悪いと医者に(___)された。","answer":"診察※決心※判断※診断"},{"category":"8","correct":"0","question":"輪を書くような形に動かす","answer":"回す※巻く※めぐる※むすぶ"},{"category":"8","correct":"0","question":"手紙を数える","answer":"通※行※件※席"},{"category":"8","correct":"1","question":"売り上げから材料費をひくと(___)はほとんどない。","answer":"収入※利益※費用※資本"},{"category":"8","correct":"3","question":"少数意見も(___)すべきだ。","answer":"敬意※謙虚※恐縮※尊重"},{"category":"8","correct":"0","question":"彼女に(___)する。","answer":"求婚※婚約※結婚※離婚"},{"category":"8","correct":"2","question":"家を数える","answer":"行※件※軒※席"},{"category":"8","correct":"2","question":"皆さん、一緒に(___)しましょう。","answer":"完敗※官幣※乾杯※寒波"},{"category":"8","correct":"3","question":"「いつも」とだいたい同じ意味","answer":"ともに※まさに※いまに※つねに"},{"category":"8","correct":"3","question":"今日は海が(___)いるので船が出せない。","answer":"さからって※あらそって※あばれて※あれて"},{"category":"8","correct":"0","question":"品質を厳しく(___)する。","answer":"管理※官吏※監理※環理"},{"category":"8","correct":"2","question":"よく似ているようす","answer":"うっかり※たっぷり※そっくり※さっぱり"},{"category":"8","correct":"2","question":"いくら美人での(___)が悪いのは嫌だ。","answer":"性質※典型※性格※才能"},{"category":"8","correct":"3","question":"トランプなどで将来のことを見る","answer":"おぎなう※こころえる※いだく※うらなう"},{"category":"8","correct":"1","question":"今までしてきた仕事を(___)されて主任になった。","answer":"批判※評価※評判※審判"}]