[{"category":"8","correct":"2","question":"いくら美人での(___)が悪いのは嫌だ。","answer":"性質※典型※性格※才能"},{"category":"8","correct":"1","question":"いきおいよく進むようす","answer":"たびたび※どんどん※まあまあ※しばしば"},{"category":"8","correct":"3","question":"後ろから行って前にでる","answer":"追いつく※追う※追いかける※追い越す"},{"category":"8","correct":"3","question":"(___)を解散する。","answer":"義解※期間※議員※議会"},{"category":"8","correct":"2","question":"需要と(___)。","answer":"救急※関係※供給※競争"},{"category":"8","correct":"3","question":"風邪の(___)を怠ってはいけない。","answer":"検討※予備※準備※予防"},{"category":"8","correct":"0","question":"彼女に(___)する。","answer":"求婚※婚約※結婚※離婚"},{"category":"8","correct":"2","question":"家を数える","answer":"行※件※軒※席"},{"category":"8","correct":"2","question":"よく似ていることを強くいいたいときに使う","answer":"みごと※まるで※むしろ※または"},{"category":"8","correct":"1","question":"レストランで食事をするときは(___)をよくしなさい。","answer":"礼儀※行儀※儀式※道徳"},{"category":"8","correct":"2","question":"(___)して店を経営する。","answer":"教養※教導※共同※指導"},{"category":"8","correct":"2","question":"(___)を待つ。","answer":"器械※奇怪※機会※棋界"},{"category":"8","correct":"0","question":"何かをするときに、もう一つの事もいっしょにすること","answer":"ついでに※わりあいに※よけいに※ひとりでに"},{"category":"8","correct":"2","question":"手や道具で何回もくりかえし打つ","answer":"なぐる※ぶつ※たたく※さす"},{"category":"8","correct":"2","question":"薬などのはたらきがとてもよくあらわれる","answer":"える※あてはまる※きく※うけとる"}]