[{"category":"8","correct":"2","question":"(___)を待つ。","answer":"器械※奇怪※機会※棋界"},{"category":"8","correct":"1","question":"人に聞かれたくないので、(___)ように話した。","answer":"ほえる※ささやくく※さけぶ※だまる"},{"category":"8","correct":"1","question":"有効(___)。","answer":"機嫌※期限※起源※紀元"},{"category":"8","correct":"3","question":"風邪の(___)を怠ってはいけない。","answer":"検討※予備※準備※予防"},{"category":"8","correct":"3","question":"(___)を解散する。","answer":"義解※期間※議員※議会"},{"category":"8","correct":"2","question":"日系(___)で働く。","answer":"起業※機業※企業※査証"},{"category":"8","correct":"3","question":"漁業に(___)する。","answer":"十字※住持※共同※従事"},{"category":"8","correct":"1","question":"賄賂事件に(___)した問題を調べる。","answer":"環形※関連※還啓※姦計"},{"category":"8","correct":"2","question":"(___)を待つ。","answer":"器械※奇怪※機会※棋界"},{"category":"8","correct":"2","question":"皆さん、一緒に(___)しましょう。","answer":"完敗※官幣※乾杯※寒波"},{"category":"8","correct":"2","question":"肌をかきたい感じ","answer":"けむい※にぶい※かゆい※つらい"},{"category":"8","correct":"0","question":"このあたりは(___)がかたいので大きな地震がきても大丈夫だ。","answer":"地盤※地面※大陸※地質"},{"category":"8","correct":"2","question":"言うのは簡単だが(___)にうつすのが大変なんだ。","answer":"実用※実現※実行※実施"},{"category":"8","correct":"1","question":"入国を(___)する。","answer":"計算※許可※区域※禁煙"},{"category":"8","correct":"1","question":"（＿＿）を述べる。","answer":"歓送※感想※観想※間奏"}]