[{"category":"8","correct":"2","question":"彼が話したことは(___)で、嘘は言っていない。","answer":"事態※事件※事実※事情"},{"category":"8","correct":"1","question":"レストランで食事をするときは(___)をよくしなさい。","answer":"礼儀※行儀※儀式※道徳"},{"category":"8","correct":"3","question":"何かをとおして向こう側が見える","answer":"澄む※だぶる※にごる※すきとおる"},{"category":"8","correct":"0","question":"何かをするときに、もう一つの事もいっしょにすること","answer":"ついでに※わりあいに※よけいに※ひとりでに"},{"category":"8","correct":"3","question":"急に黒い雲が空を(___)雨が降り出した。","answer":"うめて※かぶせて※かくして※おおって"},{"category":"8","correct":"3","question":"風邪の(___)を怠ってはいけない。","answer":"検討※予備※準備※予防"},{"category":"8","correct":"2","question":"手や道具で何回もくりかえし打つ","answer":"なぐる※ぶつ※たたく※さす"},{"category":"8","correct":"1","question":"被害者を(___)する。","answer":"安否※救助※休養※期待"},{"category":"8","correct":"3","question":"夢を(___)させるには努力が必要だ。","answer":"現実※現象※表現※実現"},{"category":"8","correct":"2","question":"彼が試合で(___)した記事が新聞にのっていた。","answer":"活動※活気※活躍※活用"},{"category":"8","correct":"2","question":"高層建築は(___)工事が大切だ。","answer":"基地※基盤※基礎※基本"},{"category":"8","correct":"3","question":"ふしぎなようす","answer":"びみょう※どくとく※とくしゅ※きみょう"},{"category":"8","correct":"0","question":"２つのもののあいだに差がないようす","answer":"ひとしい※したしい※おしい※しかくい"},{"category":"8","correct":"2","question":"日系(___)で働く。","answer":"起業※機業※企業※査証"},{"category":"8","correct":"1","question":"有効(___)。","answer":"機嫌※期限※起源※紀元"}]