[{"category":"11","correct":"3","question":"あまく","answer":"甜く※傾く※敷く※甘く"},{"category":"11","correct":"0","question":"きほん","answer":"基本※気本※木本※着本"},{"category":"11","correct":"2","question":"思想","answer":"しそ※すそ※しそう※おもそ"},{"category":"11","correct":"3","question":"農業","answer":"のうきょう※のんぎょう※のんきょう※のうぎょう"},{"category":"11","correct":"2","question":"学者","answer":"かくしゃ※がっしゃ※がくしゃ※かくじゃ"},{"category":"11","correct":"3","question":"祈って","answer":"ねがって※いわって※だまって※いのって"},{"category":"11","correct":"3","question":"祈って","answer":"ねがって※いわって※だまって※いのって"},{"category":"11","correct":"2","question":"はっそう","answer":"発争※発砲※発送※発足"},{"category":"11","correct":"2","question":"報告","answer":"ほごく※ほうごく※ほうこく※ほうち"},{"category":"11","correct":"3","question":"法律","answer":"ほうりゅう※ほうりゅう※ほうれつ※ほうりつ"},{"category":"11","correct":"1","question":"おくる","answer":"怠る※贈る※劣る※限る"},{"category":"11","correct":"2","question":"爆発","answer":"ぼうはつ※ばっぱつ※ばくはつ※ぼっぱつ"},{"category":"11","correct":"2","question":"承認","answer":"かくにん※ついにん※しょうにん※いにん"},{"category":"11","correct":"1","question":"大臣","answer":"おおじん※だいじん※だいにん※たいじん"},{"category":"11","correct":"1","question":"こうちゃ","answer":"黒茶※紅茶※赤茶※公茶"}]