[{"category":"11","correct":"1","question":"従兄弟","answer":"しんせき※いとこ※ぎあに※ぎてい"},{"category":"11","correct":"2","question":"述べた","answer":"くべた※なべた※のべた※ならべた"},{"category":"11","correct":"2","question":"はっそう","answer":"発争※発砲※発送※発足"},{"category":"11","correct":"2","question":"けいえい","answer":"経験※経済※経営※計測"},{"category":"11","correct":"1","question":"分野","answer":"ふんや※ぶんや※わけや※わきや"},{"category":"11","correct":"0","question":"せいちょう","answer":"成長※生長※整長※性長"},{"category":"11","correct":"3","question":"うすめる","answer":"埋める※唸める※唸める※薄める"},{"category":"11","correct":"3","question":"都市","answer":"とうし※どうし※どし※とし"},{"category":"11","correct":"1","question":"手術","answer":"しじつ※しゅじゅつ※しじゅつ※しゅじつ"},{"category":"11","correct":"0","question":"貿易","answer":"ぼうえき※もうえき※もうい※ぼうい"},{"category":"11","correct":"2","question":"承認","answer":"かくにん※ついにん※しょうにん※いにん"},{"category":"11","correct":"0","question":"苦手","answer":"にがて※くしゅ※くて※くるて"},{"category":"11","correct":"1","question":"分野","answer":"ふんや※ぶんや※わけや※わきや"},{"category":"11","correct":"2","question":"学者","answer":"かくしゃ※がっしゃ※がくしゃ※かくじゃ"},{"category":"11","correct":"2","question":"少数","answer":"しょうしょう※しょうずう※しょうすう※しょうつう"}]