[{"category":"11","correct":"1","question":"現代","answer":"せんらい※げんだい※ぜんだい※げんらい"},{"category":"11","correct":"0","question":"人類","answer":"じんるい※じんれい※にんるい※にんれい"},{"category":"11","correct":"1","question":"従兄弟","answer":"しんせき※いとこ※ぎあに※ぎてい"},{"category":"11","correct":"0","question":"産業","answer":"さんぎょう※ざんぎょう※さんもの※さんわざ"},{"category":"11","correct":"1","question":"情報","answer":"そくほう※じょうほう※じょうきょう※ちょうぼう"},{"category":"11","correct":"0","question":"現代","answer":"せんらい※げんだい※ぜんだい※げんらい"},{"category":"11","correct":"1","question":"すいじゅん","answer":"水平※水準※粋準※水辺"},{"category":"11","correct":"0","question":"せいちょう","answer":"成長※生長※整長※性長"},{"category":"11","correct":"0","question":"はいざら","answer":"灰皿※灰血※炭血※炭皿"},{"category":"11","correct":"1","question":"大臣","answer":"おおじん※だいじん※だいにん※たいじん"},{"category":"11","correct":"2","question":"存在","answer":"ぞんざい※つんざい※そんざい※すんざい"},{"category":"11","correct":"1","question":"こうちゃ","answer":"黒茶※紅茶※赤茶※公茶"},{"category":"11","correct":"2","question":"発達","answer":"はってん※はつだち※はったつ※はちたち"},{"category":"11","correct":"3","question":"え","answer":"図※描※楽※絵"},{"category":"11","correct":"2","question":"すって","answer":"吐って※吹って※吸って※血って"}]