[{"category":"11","correct":"0","question":"貿易","answer":"ぼうえき※もうえき※もうい※ぼうい"},{"category":"11","correct":"1","question":"化学","answer":"がかく※かがく※ががく※がかく"},{"category":"11","correct":"1","question":"おかし","answer":"可笑し※お菓子※お菓心※お栗子"},{"category":"11","correct":"0","question":"技術","answer":"ぎじゅつ※ぎじょつ※ぎじつ※ぎしょつ"},{"category":"11","correct":"1","question":"革命","answer":"かくめ※かくめい※がくめ※がくめい"},{"category":"11","correct":"1","question":"大臣","answer":"おおじん※だいじん※だいにん※たいじん"},{"category":"11","correct":"1","question":"手術","answer":"しじつ※しゅじゅつ※しじゅつ※しゅじつ"},{"category":"11","correct":"2","question":"洋酒","answer":"ようさけ※ようじゅ※ようしゅ※ようざけ"},{"category":"11","correct":"2","question":"無事","answer":"うし※なし※ぶじ※むじ"},{"category":"11","correct":"2","question":"述べた","answer":"くべた※なべた※のべた※ならべた"},{"category":"11","correct":"1","question":"現代","answer":"せんらい※げんだい※ぜんだい※げんらい"},{"category":"11","correct":"1","question":"手術","answer":"しじつ※しゅじゅつ※しじゅつ※しゅじつ"},{"category":"11","correct":"0","question":"現代","answer":"せんらい※げんだい※ぜんだい※げんらい"},{"category":"11","correct":"3","question":"農業","answer":"のうきょう※のんぎょう※のんきょう※のうぎょう"},{"category":"11","correct":"0","question":"量","answer":"りょう※じゅう※じょう※りゅう"}]