[{"category":"11","correct":"2","question":"すって","answer":"吐って※吹って※吸って※血って"},{"category":"11","correct":"2","question":"はっそう","answer":"発争※発砲※発送※発足"},{"category":"11","correct":"0","question":"かがく","answer":"科学※価格※家格※化書"},{"category":"11","correct":"2","question":"悪戯","answer":"わるずら※とんずら※いたずら※あくずら"},{"category":"11","correct":"0","question":"産業","answer":"さんぎょう※ざんぎょう※さんもの※さんわざ"},{"category":"11","correct":"1","question":"大臣","answer":"おおじん※だいじん※だいにん※たいじん"},{"category":"11","correct":"2","question":"思想","answer":"しそ※すそ※しそう※おもそ"},{"category":"11","correct":"2","question":"物質","answer":"ぶしつ※ものしつ※ぶっしつ※ぶつしつ"},{"category":"11","correct":"0","question":"かんそう","answer":"乾操※乾燥※乾総※乾送"},{"category":"11","correct":"0","question":"産業","answer":"さんぎょう※ざんぎょう※さんもの※さんわざ"},{"category":"11","correct":"1","question":"嗅ぐ","answer":"とぐ※かぐ※こぐ※さぐ"},{"category":"11","correct":"2","question":"報告","answer":"ほごく※ほうごく※ほうこく※ほうち"},{"category":"11","correct":"1","question":"手術","answer":"しじつ※しゅじゅつ※しじゅつ※しゅじつ"},{"category":"11","correct":"2","question":"洋酒","answer":"ようさけ※ようじゅ※ようしゅ※ようざけ"},{"category":"11","correct":"2","question":"無事","answer":"うし※なし※ぶじ※むじ"}]