[{"category":"11","correct":"2","question":"破片","answer":"ほへん※ほうへん※はへん※はべん"},{"category":"11","correct":"1","question":"休息","answer":"きゅういき※きゅうそく※きゅうしん※きゅういく"},{"category":"11","correct":"2","question":"思想","answer":"しそ※すそ※しそう※おもそ"},{"category":"11","correct":"3","question":"農業","answer":"のうきょう※のんぎょう※のんきょう※のうぎょう"},{"category":"11","correct":"3","question":"有無","answer":"ありむ※ゆうぶ※うぶ※うむ"},{"category":"11","correct":"0","question":"産業","answer":"さんぎょう※ざんぎょう※さんもの※さんわざ"},{"category":"11","correct":"2","question":"報告","answer":"ほごく※ほうごく※ほうこく※ほうち"},{"category":"11","correct":"0","question":"苦手","answer":"にがて※くしゅ※くて※くるて"},{"category":"11","correct":"2","question":"回復","answer":"がいふく※かいぷく※かいふく※かいぶく"},{"category":"11","correct":"2","question":"洋酒","answer":"ようさけ※ようじゅ※ようしゅ※ようざけ"},{"category":"11","correct":"2","question":"報告","answer":"ほごく※ほうごく※ほうこく※ほうち"},{"category":"11","correct":"1","question":"おくる","answer":"怠る※贈る※劣る※限る"},{"category":"11","correct":"2","question":"述べた","answer":"くべた※なべた※のべた※ならべた"},{"category":"11","correct":"3","question":"農業","answer":"のうきょう※のんぎょう※のんきょう※のうぎょう"},{"category":"11","correct":"3","question":"首相","answer":"しゅうしょう※しゅそう※しゅうそう※しゅしょう"}]