[{"category":"11","correct":"0","question":"こうじょう","answer":"工場※熱情※公害※工害"},{"category":"11","correct":"2","question":"破片","answer":"ほへん※ほうへん※はへん※はべん"},{"category":"11","correct":"2","question":"学者","answer":"かくしゃ※がっしゃ※がくしゃ※かくじゃ"},{"category":"11","correct":"3","question":"きけんせい","answer":"危検性※危検生※危検生※危険性"},{"category":"11","correct":"1","question":"知識","answer":"しちき※ちしき※ししき※じしき"},{"category":"11","correct":"3","question":"祈って","answer":"ねがって※いわって※だまって※いのって"},{"category":"11","correct":"2","question":"報告","answer":"ほごく※ほうごく※ほうこく※ほうち"},{"category":"11","correct":"3","question":"都市","answer":"とうし※どうし※どし※とし"},{"category":"11","correct":"0","question":"量","answer":"りょう※じゅう※じょう※りゅう"},{"category":"11","correct":"2","question":"破片","answer":"ほへん※ほうへん※はへん※はべん"},{"category":"11","correct":"0","question":"かんそう","answer":"乾操※乾燥※乾総※乾送"},{"category":"11","correct":"1","question":"すいじゅん","answer":"水平※水準※粋準※水辺"},{"category":"11","correct":"3","question":"粗筋","answer":"あらきん※そらすじ※そらきん※あらすじ"},{"category":"11","correct":"1","question":"はんにん","answer":"盗賊※犯人※泥棒※半忍"},{"category":"11","correct":"2","question":"少数","answer":"しょうしょう※しょうずう※しょうすう※しょうつう"}]