[{"category":"11","correct":"2","question":"回復","answer":"がいふく※かいぷく※かいふく※かいぶく"},{"category":"11","correct":"2","question":"少数","answer":"しょうしょう※しょうずう※しょうすう※しょうつう"},{"category":"11","correct":"0","question":"苦手","answer":"にがて※くしゅ※くて※くるて"},{"category":"11","correct":"1","question":"乾杯","answer":"かんぺい※かんぱい※がんぱい※がんべい"},{"category":"11","correct":"2","question":"かならず","answer":"心ず※秘ず※必ず※哉ず"},{"category":"11","correct":"1","question":"手術","answer":"しじつ※しゅじゅつ※しじゅつ※しゅじつ"},{"category":"11","correct":"2","question":"学者","answer":"かくしゃ※がっしゃ※がくしゃ※かくじゃ"},{"category":"11","correct":"2","question":"けいこう","answer":"携剛※駆公※傾向※恵子"},{"category":"11","correct":"0","question":"現代","answer":"せんらい※げんだい※ぜんだい※げんらい"},{"category":"11","correct":"1","question":"嗅ぐ","answer":"とぐ※かぐ※こぐ※さぐ"},{"category":"11","correct":"1","question":"分野","answer":"ふんや※ぶんや※わけや※わきや"},{"category":"11","correct":"2","question":"けいえい","answer":"経験※経済※経営※計測"},{"category":"11","correct":"3","question":"法律","answer":"ほうりゅう※ほうりゅう※ほうれつ※ほうりつ"},{"category":"11","correct":"3","question":"有無","answer":"ありむ※ゆうぶ※うぶ※うむ"},{"category":"11","correct":"0","question":"かがく","answer":"科学※価格※家格※化書"}]