[{"category":"11","correct":"0","question":"揶揄う","answer":"からかう※かまう※かしまう※かしこまう"},{"category":"11","correct":"2","question":"破片","answer":"ほへん※ほうへん※はへん※はべん"},{"category":"11","correct":"1","question":"情報","answer":"そくほう※じょうほう※じょうきょう※ちょうぼう"},{"category":"11","correct":"2","question":"爆発","answer":"ぼうはつ※ばっぱつ※ばくはつ※ぼっぱつ"},{"category":"11","correct":"0","question":"瓶","answer":"びん※かん※へい※ボトル"},{"category":"11","correct":"1","question":"こうちゃ","answer":"黒茶※紅茶※赤茶※公茶"},{"category":"11","correct":"3","question":"都市","answer":"とうし※どうし※どし※とし"},{"category":"11","correct":"2","question":"あきれる","answer":"憧れる※著れる※呆れる※溢れる"},{"category":"11","correct":"2","question":"少数","answer":"しょうしょう※しょうずう※しょうすう※しょうつう"},{"category":"11","correct":"3","question":"え","answer":"図※描※楽※絵"},{"category":"11","correct":"1","question":"嗅ぐ","answer":"とぐ※かぐ※こぐ※さぐ"},{"category":"11","correct":"3","question":"首相","answer":"しゅうしょう※しゅそう※しゅうそう※しゅしょう"},{"category":"11","correct":"0","question":"人類","answer":"じんるい※じんれい※にんるい※にんれい"},{"category":"11","correct":"0","question":"技術","answer":"ぎじゅつ※ぎじょつ※ぎじつ※ぎしょつ"},{"category":"11","correct":"3","question":"粗筋","answer":"あらきん※そらすじ※そらきん※あらすじ"}]