[{"category":"11","correct":"1","question":"情報","answer":"そくほう※じょうほう※じょうきょう※ちょうぼう"},{"category":"11","correct":"2","question":"あきれる","answer":"憧れる※著れる※呆れる※溢れる"},{"category":"11","correct":"3","question":"有無","answer":"ありむ※ゆうぶ※うぶ※うむ"},{"category":"11","correct":"1","question":"分野","answer":"ふんや※ぶんや※わけや※わきや"},{"category":"11","correct":"2","question":"学者","answer":"かくしゃ※がっしゃ※がくしゃ※かくじゃ"},{"category":"11","correct":"1","question":"すいじゅん","answer":"水平※水準※粋準※水辺"},{"category":"11","correct":"3","question":"都市","answer":"とうし※どうし※どし※とし"},{"category":"11","correct":"2","question":"存在","answer":"ぞんざい※つんざい※そんざい※すんざい"},{"category":"11","correct":"0","question":"せいちょう","answer":"成長※生長※整長※性長"},{"category":"11","correct":"3","question":"きんえん","answer":"禁因※勤煙※勤因※禁煙"},{"category":"11","correct":"0","question":"はいざら","answer":"灰皿※灰血※炭血※炭皿"},{"category":"11","correct":"1","question":"化学","answer":"がかく※かがく※ががく※がかく"},{"category":"11","correct":"2","question":"爆発","answer":"ぼうはつ※ばっぱつ※ばくはつ※ぼっぱつ"},{"category":"11","correct":"2","question":"けいえい","answer":"経験※経済※経営※計測"},{"category":"11","correct":"2","question":"洋酒","answer":"ようさけ※ようじゅ※ようしゅ※ようざけ"}]