[{"category":"11","correct":"2","question":"悪戯","answer":"わるずら※とんずら※いたずら※あくずら"},{"category":"11","correct":"3","question":"進歩","answer":"しんぼ※しんほう※じんぽ※しんぽ"},{"category":"11","correct":"2","question":"物質","answer":"ぶしつ※ものしつ※ぶっしつ※ぶつしつ"},{"category":"11","correct":"3","question":"祈って","answer":"ねがって※いわって※だまって※いのって"},{"category":"11","correct":"0","question":"きほん","answer":"基本※気本※木本※着本"},{"category":"11","correct":"3","question":"あまく","answer":"甜く※傾く※敷く※甘く"},{"category":"11","correct":"2","question":"無事","answer":"うし※なし※ぶじ※むじ"},{"category":"11","correct":"1","question":"分野","answer":"ふんや※ぶんや※わけや※わきや"},{"category":"11","correct":"2","question":"少数","answer":"しょうしょう※しょうずう※しょうすう※しょうつう"},{"category":"11","correct":"0","question":"せいちょう","answer":"成長※生長※整長※性長"},{"category":"11","correct":"0","question":"斬る","answer":"きる※しる※とる※かる"},{"category":"11","correct":"2","question":"少数","answer":"しょうしょう※しょうずう※しょうすう※しょうつう"},{"category":"11","correct":"0","question":"苦手","answer":"にがて※くしゅ※くて※くるて"},{"category":"11","correct":"3","question":"にんげん","answer":"人権※人件※人門※人間"},{"category":"11","correct":"2","question":"思想","answer":"しそ※すそ※しそう※おもそ"}]