[{"category":"11","correct":"0","question":"かがく","answer":"科学※価格※家格※化書"},{"category":"11","correct":"2","question":"承認","answer":"かくにん※ついにん※しょうにん※いにん"},{"category":"11","correct":"2","question":"物質","answer":"ぶしつ※ものしつ※ぶっしつ※ぶつしつ"},{"category":"11","correct":"2","question":"報告","answer":"ほごく※ほうごく※ほうこく※ほうち"},{"category":"11","correct":"0","question":"せいかつ","answer":"生活※正活※成活※世活"},{"category":"11","correct":"2","question":"破片","answer":"ほへん※ほうへん※はへん※はべん"},{"category":"11","correct":"2","question":"洋酒","answer":"ようさけ※ようじゅ※ようしゅ※ようざけ"},{"category":"11","correct":"3","question":"うすめる","answer":"埋める※唸める※唸める※薄める"},{"category":"11","correct":"0","question":"貿易","answer":"ぼうえき※もうえき※もうい※ぼうい"},{"category":"11","correct":"3","question":"祈って","answer":"ねがって※いわって※だまって※いのって"},{"category":"11","correct":"2","question":"述べた","answer":"くべた※なべた※のべた※ならべた"},{"category":"11","correct":"2","question":"無事","answer":"うし※なし※ぶじ※むじ"},{"category":"11","correct":"0","question":"瓶","answer":"びん※かん※へい※ボトル"},{"category":"11","correct":"0","question":"せいちょう","answer":"成長※生長※整長※性長"},{"category":"11","correct":"3","question":"にんげん","answer":"人権※人件※人門※人間"}]