[{"category":"11","correct":"2","question":"けいこう","answer":"携剛※駆公※傾向※恵子"},{"category":"11","correct":"0","question":"かがく","answer":"科学※価格※家格※化書"},{"category":"11","correct":"2","question":"洋酒","answer":"ようさけ※ようじゅ※ようしゅ※ようざけ"},{"category":"11","correct":"2","question":"報告","answer":"ほごく※ほうごく※ほうこく※ほうち"},{"category":"11","correct":"2","question":"かならず","answer":"心ず※秘ず※必ず※哉ず"},{"category":"11","correct":"0","question":"こうじょう","answer":"工場※熱情※公害※工害"},{"category":"11","correct":"0","question":"きほん","answer":"基本※気本※木本※着本"},{"category":"11","correct":"0","question":"せいちょう","answer":"成長※生長※整長※性長"},{"category":"11","correct":"1","question":"すいじゅん","answer":"水平※水準※粋準※水辺"},{"category":"11","correct":"1","question":"休息","answer":"きゅういき※きゅうそく※きゅうしん※きゅういく"},{"category":"11","correct":"1","question":"情報","answer":"そくほう※じょうほう※じょうきょう※ちょうぼう"},{"category":"11","correct":"2","question":"学者","answer":"かくしゃ※がっしゃ※がくしゃ※かくじゃ"},{"category":"11","correct":"0","question":"量","answer":"りょう※じゅう※じょう※りゅう"},{"category":"11","correct":"2","question":"けいえい","answer":"経験※経済※経営※計測"},{"category":"11","correct":"0","question":"苦手","answer":"にがて※くしゅ※くて※くるて"}]