[{"category":"11","correct":"2","question":"けいえい","answer":"経験※経済※経営※計測"},{"category":"11","correct":"1","question":"休息","answer":"きゅういき※きゅうそく※きゅうしん※きゅういく"},{"category":"11","correct":"0","question":"現代","answer":"せんらい※げんだい※ぜんだい※げんらい"},{"category":"11","correct":"2","question":"少数","answer":"しょうしょう※しょうずう※しょうすう※しょうつう"},{"category":"11","correct":"0","question":"産業","answer":"さんぎょう※ざんぎょう※さんもの※さんわざ"},{"category":"11","correct":"1","question":"革命","answer":"かくめ※かくめい※がくめ※がくめい"},{"category":"11","correct":"2","question":"洋酒","answer":"ようさけ※ようじゅ※ようしゅ※ようざけ"},{"category":"11","correct":"2","question":"すって","answer":"吐って※吹って※吸って※血って"},{"category":"11","correct":"1","question":"手術","answer":"しじつ※しゅじゅつ※しじゅつ※しゅじつ"},{"category":"11","correct":"3","question":"首相","answer":"しゅうしょう※しゅそう※しゅうそう※しゅしょう"},{"category":"11","correct":"1","question":"おくる","answer":"怠る※贈る※劣る※限る"},{"category":"11","correct":"0","question":"瓶","answer":"びん※かん※へい※ボトル"},{"category":"11","correct":"1","question":"知識","answer":"しちき※ちしき※ししき※じしき"},{"category":"11","correct":"0","question":"人類","answer":"じんるい※じんれい※にんるい※にんれい"},{"category":"11","correct":"2","question":"少数","answer":"しょうしょう※しょうずう※しょうすう※しょうつう"}]