[{"category":"11","correct":"2","question":"悪戯","answer":"わるずら※とんずら※いたずら※あくずら"},{"category":"11","correct":"2","question":"発達","answer":"はってん※はつだち※はったつ※はちたち"},{"category":"11","correct":"0","question":"きほん","answer":"基本※気本※木本※着本"},{"category":"11","correct":"2","question":"かならず","answer":"心ず※秘ず※必ず※哉ず"},{"category":"11","correct":"2","question":"存在","answer":"ぞんざい※つんざい※そんざい※すんざい"},{"category":"11","correct":"3","question":"都市","answer":"とうし※どうし※どし※とし"},{"category":"11","correct":"1","question":"分野","answer":"ふんや※ぶんや※わけや※わきや"},{"category":"11","correct":"2","question":"けいえい","answer":"経験※経済※経営※計測"},{"category":"11","correct":"1","question":"乾杯","answer":"かんぺい※かんぱい※がんぱい※がんべい"},{"category":"11","correct":"1","question":"手術","answer":"しじつ※しゅじゅつ※しじゅつ※しゅじつ"},{"category":"11","correct":"0","question":"量","answer":"りょう※じゅう※じょう※りゅう"},{"category":"11","correct":"0","question":"かんそう","answer":"乾操※乾燥※乾総※乾送"},{"category":"11","correct":"3","question":"祈って","answer":"ねがって※いわって※だまって※いのって"},{"category":"11","correct":"1","question":"こうちゃ","answer":"黒茶※紅茶※赤茶※公茶"},{"category":"11","correct":"1","question":"大臣","answer":"おおじん※だいじん※だいにん※たいじん"}]