[{"category":"11","correct":"3","question":"農業","answer":"のうきょう※のんぎょう※のんきょう※のうぎょう"},{"category":"11","correct":"0","question":"はいざら","answer":"灰皿※灰血※炭血※炭皿"},{"category":"11","correct":"0","question":"かんそう","answer":"乾操※乾燥※乾総※乾送"},{"category":"11","correct":"3","question":"粗筋","answer":"あらきん※そらすじ※そらきん※あらすじ"},{"category":"11","correct":"2","question":"少数","answer":"しょうしょう※しょうずう※しょうすう※しょうつう"},{"category":"11","correct":"3","question":"きんえん","answer":"禁因※勤煙※勤因※禁煙"},{"category":"11","correct":"1","question":"りゆう","answer":"利由※理由※理有※理油"},{"category":"11","correct":"0","question":"せいちょう","answer":"成長※生長※整長※性長"},{"category":"11","correct":"2","question":"すって","answer":"吐って※吹って※吸って※血って"},{"category":"11","correct":"1","question":"分野","answer":"ふんや※ぶんや※わけや※わきや"},{"category":"11","correct":"2","question":"無事","answer":"うし※なし※ぶじ※むじ"},{"category":"11","correct":"2","question":"爆発","answer":"ぼうはつ※ばっぱつ※ばくはつ※ぼっぱつ"},{"category":"11","correct":"2","question":"かならず","answer":"心ず※秘ず※必ず※哉ず"},{"category":"11","correct":"0","question":"きほん","answer":"基本※気本※木本※着本"},{"category":"11","correct":"1","question":"分野","answer":"ふんや※ぶんや※わけや※わきや"}]