[{"category":"11","correct":"3","question":"法律","answer":"ほうりゅう※ほうりゅう※ほうれつ※ほうりつ"},{"category":"11","correct":"1","question":"革命","answer":"かくめ※かくめい※がくめ※がくめい"},{"category":"11","correct":"2","question":"爆発","answer":"ぼうはつ※ばっぱつ※ばくはつ※ぼっぱつ"},{"category":"11","correct":"0","question":"せいかつ","answer":"生活※正活※成活※世活"},{"category":"11","correct":"0","question":"かがく","answer":"科学※価格※家格※化書"},{"category":"11","correct":"2","question":"承認","answer":"かくにん※ついにん※しょうにん※いにん"},{"category":"11","correct":"1","question":"革命","answer":"かくめ※かくめい※がくめ※がくめい"},{"category":"11","correct":"2","question":"述べた","answer":"くべた※なべた※のべた※ならべた"},{"category":"11","correct":"3","question":"祈って","answer":"ねがって※いわって※だまって※いのって"},{"category":"11","correct":"0","question":"瓶","answer":"びん※かん※へい※ボトル"},{"category":"11","correct":"3","question":"農業","answer":"のうきょう※のんぎょう※のんきょう※のうぎょう"},{"category":"11","correct":"3","question":"うすめる","answer":"埋める※唸める※唸める※薄める"},{"category":"11","correct":"2","question":"あきれる","answer":"憧れる※著れる※呆れる※溢れる"},{"category":"11","correct":"3","question":"首相","answer":"しゅうしょう※しゅそう※しゅうそう※しゅしょう"},{"category":"11","correct":"2","question":"悪戯","answer":"わるずら※とんずら※いたずら※あくずら"}]