[{"category":"11","correct":"2","question":"存在","answer":"ぞんざい※つんざい※そんざい※すんざい"},{"category":"11","correct":"1","question":"現代","answer":"せんらい※げんだい※ぜんだい※げんらい"},{"category":"11","correct":"0","question":"貿易","answer":"ぼうえき※もうえき※もうい※ぼうい"},{"category":"11","correct":"2","question":"学者","answer":"かくしゃ※がっしゃ※がくしゃ※かくじゃ"},{"category":"11","correct":"1","question":"おくる","answer":"怠る※贈る※劣る※限る"},{"category":"11","correct":"1","question":"情報","answer":"そくほう※じょうほう※じょうきょう※ちょうぼう"},{"category":"11","correct":"2","question":"洋酒","answer":"ようさけ※ようじゅ※ようしゅ※ようざけ"},{"category":"11","correct":"2","question":"物質","answer":"ぶしつ※ものしつ※ぶっしつ※ぶつしつ"},{"category":"11","correct":"3","question":"都市","answer":"とうし※どうし※どし※とし"},{"category":"11","correct":"2","question":"爆発","answer":"ぼうはつ※ばっぱつ※ばくはつ※ぼっぱつ"},{"category":"11","correct":"2","question":"けいえい","answer":"経験※経済※経営※計測"},{"category":"11","correct":"3","question":"にんげん","answer":"人権※人件※人門※人間"},{"category":"11","correct":"2","question":"破片","answer":"ほへん※ほうへん※はへん※はべん"},{"category":"11","correct":"1","question":"知識","answer":"しちき※ちしき※ししき※じしき"},{"category":"11","correct":"1","question":"化学","answer":"がかく※かがく※ががく※がかく"}]