[{"category":"11","correct":"2","question":"報告","answer":"ほごく※ほうごく※ほうこく※ほうち"},{"category":"11","correct":"2","question":"思想","answer":"しそ※すそ※しそう※おもそ"},{"category":"11","correct":"2","question":"爆発","answer":"ぼうはつ※ばっぱつ※ばくはつ※ぼっぱつ"},{"category":"11","correct":"1","question":"はんにん","answer":"盗賊※犯人※泥棒※半忍"},{"category":"11","correct":"1","question":"革命","answer":"かくめ※かくめい※がくめ※がくめい"},{"category":"11","correct":"1","question":"大臣","answer":"おおじん※だいじん※だいにん※たいじん"},{"category":"11","correct":"0","question":"技術","answer":"ぎじゅつ※ぎじょつ※ぎじつ※ぎしょつ"},{"category":"11","correct":"1","question":"おくる","answer":"怠る※贈る※劣る※限る"},{"category":"11","correct":"1","question":"革命","answer":"かくめ※かくめい※がくめ※がくめい"},{"category":"11","correct":"0","question":"貿易","answer":"ぼうえき※もうえき※もうい※ぼうい"},{"category":"11","correct":"1","question":"大臣","answer":"おおじん※だいじん※だいにん※たいじん"},{"category":"11","correct":"2","question":"爆発","answer":"ぼうはつ※ばっぱつ※ばくはつ※ぼっぱつ"},{"category":"11","correct":"2","question":"悪戯","answer":"わるずら※とんずら※いたずら※あくずら"},{"category":"11","correct":"2","question":"あきれる","answer":"憧れる※著れる※呆れる※溢れる"},{"category":"11","correct":"0","question":"人類","answer":"じんるい※じんれい※にんるい※にんれい"}]