[{"category":"11","correct":"0","question":"きほん","answer":"基本※気本※木本※着本"},{"category":"11","correct":"0","question":"せいちょう","answer":"成長※生長※整長※性長"},{"category":"11","correct":"1","question":"おかし","answer":"可笑し※お菓子※お菓心※お栗子"},{"category":"11","correct":"3","question":"都市","answer":"とうし※どうし※どし※とし"},{"category":"11","correct":"2","question":"洋酒","answer":"ようさけ※ようじゅ※ようしゅ※ようざけ"},{"category":"11","correct":"0","question":"現代","answer":"せんらい※げんだい※ぜんだい※げんらい"},{"category":"11","correct":"1","question":"現代","answer":"せんらい※げんだい※ぜんだい※げんらい"},{"category":"11","correct":"1","question":"りゆう","answer":"利由※理由※理有※理油"},{"category":"11","correct":"1","question":"知識","answer":"しちき※ちしき※ししき※じしき"},{"category":"11","correct":"3","question":"都市","answer":"とうし※どうし※どし※とし"},{"category":"11","correct":"0","question":"瓶","answer":"びん※かん※へい※ボトル"},{"category":"11","correct":"0","question":"量","answer":"りょう※じゅう※じょう※りゅう"},{"category":"11","correct":"2","question":"述べた","answer":"くべた※なべた※のべた※ならべた"},{"category":"11","correct":"3","question":"首相","answer":"しゅうしょう※しゅそう※しゅうそう※しゅしょう"},{"category":"11","correct":"1","question":"従兄弟","answer":"しんせき※いとこ※ぎあに※ぎてい"}]