[{"category":"11","correct":"3","question":"きけんせい","answer":"危検性※危検生※危検生※危険性"},{"category":"11","correct":"2","question":"存在","answer":"ぞんざい※つんざい※そんざい※すんざい"},{"category":"11","correct":"1","question":"はんにん","answer":"盗賊※犯人※泥棒※半忍"},{"category":"11","correct":"0","question":"きほん","answer":"基本※気本※木本※着本"},{"category":"11","correct":"2","question":"発達","answer":"はってん※はつだち※はったつ※はちたち"},{"category":"11","correct":"0","question":"かがく","answer":"科学※価格※家格※化書"},{"category":"11","correct":"0","question":"現代","answer":"せんらい※げんだい※ぜんだい※げんらい"},{"category":"11","correct":"1","question":"休息","answer":"きゅういき※きゅうそく※きゅうしん※きゅういく"},{"category":"11","correct":"2","question":"物質","answer":"ぶしつ※ものしつ※ぶっしつ※ぶつしつ"},{"category":"11","correct":"0","question":"おうべい","answer":"欧米※欧州※欧豪※欧兵"},{"category":"11","correct":"3","question":"あまく","answer":"甜く※傾く※敷く※甘く"},{"category":"11","correct":"1","question":"化学","answer":"がかく※かがく※ががく※がかく"},{"category":"11","correct":"3","question":"祈って","answer":"ねがって※いわって※だまって※いのって"},{"category":"11","correct":"2","question":"かならず","answer":"心ず※秘ず※必ず※哉ず"},{"category":"11","correct":"0","question":"貿易","answer":"ぼうえき※もうえき※もうい※ぼうい"}]