[{"category":"11","correct":"2","question":"かならず","answer":"心ず※秘ず※必ず※哉ず"},{"category":"11","correct":"2","question":"悪戯","answer":"わるずら※とんずら※いたずら※あくずら"},{"category":"11","correct":"0","question":"人類","answer":"じんるい※じんれい※にんるい※にんれい"},{"category":"11","correct":"1","question":"化学","answer":"がかく※かがく※ががく※がかく"},{"category":"11","correct":"2","question":"洋酒","answer":"ようさけ※ようじゅ※ようしゅ※ようざけ"},{"category":"11","correct":"3","question":"きんえん","answer":"禁因※勤煙※勤因※禁煙"},{"category":"11","correct":"3","question":"きけんせい","answer":"危検性※危検生※危検生※危険性"},{"category":"11","correct":"3","question":"法律","answer":"ほうりゅう※ほうりゅう※ほうれつ※ほうりつ"},{"category":"11","correct":"1","question":"情報","answer":"そくほう※じょうほう※じょうきょう※ちょうぼう"},{"category":"11","correct":"2","question":"発達","answer":"はってん※はつだち※はったつ※はちたち"},{"category":"11","correct":"3","question":"有無","answer":"ありむ※ゆうぶ※うぶ※うむ"},{"category":"11","correct":"0","question":"かんそう","answer":"乾操※乾燥※乾総※乾送"},{"category":"11","correct":"1","question":"大臣","answer":"おおじん※だいじん※だいにん※たいじん"},{"category":"11","correct":"0","question":"きほん","answer":"基本※気本※木本※着本"},{"category":"11","correct":"0","question":"技術","answer":"ぎじゅつ※ぎじょつ※ぎじつ※ぎしょつ"}]