[{"category":"11","correct":"0","question":"はいざら","answer":"灰皿※灰血※炭血※炭皿"},{"category":"11","correct":"1","question":"乾杯","answer":"かんぺい※かんぱい※がんぱい※がんべい"},{"category":"11","correct":"1","question":"現代","answer":"せんらい※げんだい※ぜんだい※げんらい"},{"category":"11","correct":"0","question":"技術","answer":"ぎじゅつ※ぎじょつ※ぎじつ※ぎしょつ"},{"category":"11","correct":"3","question":"あまく","answer":"甜く※傾く※敷く※甘く"},{"category":"11","correct":"1","question":"大臣","answer":"おおじん※だいじん※だいにん※たいじん"},{"category":"11","correct":"2","question":"学者","answer":"かくしゃ※がっしゃ※がくしゃ※かくじゃ"},{"category":"11","correct":"1","question":"おかし","answer":"可笑し※お菓子※お菓心※お栗子"},{"category":"11","correct":"1","question":"嗅ぐ","answer":"とぐ※かぐ※こぐ※さぐ"},{"category":"11","correct":"1","question":"革命","answer":"かくめ※かくめい※がくめ※がくめい"},{"category":"11","correct":"3","question":"有無","answer":"ありむ※ゆうぶ※うぶ※うむ"},{"category":"11","correct":"3","question":"法律","answer":"ほうりゅう※ほうりゅう※ほうれつ※ほうりつ"},{"category":"11","correct":"2","question":"物質","answer":"ぶしつ※ものしつ※ぶっしつ※ぶつしつ"},{"category":"11","correct":"3","question":"粗筋","answer":"あらきん※そらすじ※そらきん※あらすじ"},{"category":"11","correct":"1","question":"知識","answer":"しちき※ちしき※ししき※じしき"}]