[{"category":"11","correct":"3","question":"粗筋","answer":"あらきん※そらすじ※そらきん※あらすじ"},{"category":"11","correct":"1","question":"化学","answer":"がかく※かがく※ががく※がかく"},{"category":"11","correct":"1","question":"分野","answer":"ふんや※ぶんや※わけや※わきや"},{"category":"11","correct":"1","question":"すいじゅん","answer":"水平※水準※粋準※水辺"},{"category":"11","correct":"0","question":"貿易","answer":"ぼうえき※もうえき※もうい※ぼうい"},{"category":"11","correct":"2","question":"噂","answer":"ぐち※たる※うわさ※さる"},{"category":"11","correct":"0","question":"瓶","answer":"びん※かん※へい※ボトル"},{"category":"11","correct":"1","question":"知識","answer":"しちき※ちしき※ししき※じしき"},{"category":"11","correct":"2","question":"思想","answer":"しそ※すそ※しそう※おもそ"},{"category":"11","correct":"1","question":"おかし","answer":"可笑し※お菓子※お菓心※お栗子"},{"category":"11","correct":"2","question":"回復","answer":"がいふく※かいぷく※かいふく※かいぶく"},{"category":"11","correct":"2","question":"けいえい","answer":"経験※経済※経営※計測"},{"category":"11","correct":"2","question":"破片","answer":"ほへん※ほうへん※はへん※はべん"},{"category":"11","correct":"1","question":"大臣","answer":"おおじん※だいじん※だいにん※たいじん"},{"category":"11","correct":"1","question":"大臣","answer":"おおじん※だいじん※だいにん※たいじん"}]